Employee ID,Benefit Plan,Currently Enrolled?,Coverage Start Date,Employer Contribution,Benefit Coverage Type
19255,Pension - Collectum Supplemental ITP1 (Employee),Yes,1/1/15,3125.69,Health_Care_Coverage_Type_Medical
19255,Pension - Collectum ITP1 (Employee),Yes,1/1/15,1884.41,
19306,Pension - Collectum ITP1 (Employee),Yes,1/1/15,748.8,Health_Care_Coverage_Type_Medical
19302,Pension - Collectum ITP1 (Employee),Yes,1/1/15,764.4,Health_Care_Coverage_Type_Medical
19077,Pension - Collectum Supplemental ITP1 (Employee),Yes,1/1/15,15624.15,Health_Care_Coverage_Type_Medical
19077,Pension - Collectum ITP1 (Employee),Yes,1/1/15,4037.77,Health_Care_Coverage_Type_Medical
19126,Pension - Collectum Supplemental ITP1 (Employee),Yes,1/1/15,1215.71,Health_Care_Coverage_Type_Medical
19126,Pension - Collectum ITP1 (Employee),Yes,1/1/15,1407.21,Health_Care_Coverage_Type_Medical
19263,Pension - Collectum ITP1 (Employee),Yes,1/1/15,1151,Health_Care_Coverage_Type_Medical
19347,Basic Group Life - AXA UK (Employee),Yes,1/1/15,261.3,Health_Care_Coverage_Type_Medical
19346,Basic Group Life - AXA UK (Employee),Yes,1/1/15,331.5,Health_Care_Coverage_Type_Medical
19345,Basic Group Life - AXA UK (Employee),Yes,1/1/15,159.9,Health_Care_Coverage_Type_Medical
19131,Basic Group Life - AXA UK (Employee),Yes,1/1/00,109.2,Health_Care_Coverage_Type_Medical
19129,Basic Group Life - AXA UK (Employee),Yes,1/1/00,159.9,Health_Care_Coverage_Type_Medical
19266,Basic Group Life - AXA UK (Employee),Yes,7/1/14,292.5,Health_Care_Coverage_Type_Medical
19332,Basic Group Life - AXA UK (Employee),Yes,7/23/14,288.6,Health_Care_Coverage_Type_Medical
19168,Basic Group Life - AXA UK (Employee),Yes,1/1/00,269.1,Health_Care_Coverage_Type_Medical
19299,Basic Group Life - AXA UK (Employee),Yes,3/7/11,124.8,Health_Care_Coverage_Type_Medical
19244,Basic Group Life - AXA UK (Employee),Yes,11/8/11,300.3,Health_Care_Coverage_Type_Medical
19254,Basic Group Life - AXA UK (Employee),Yes,3/1/10,269.1,Health_Care_Coverage_Type_Medical
19239,Basic Group Life - AXA UK (Employee),Yes,11/15/10,105.3,Health_Care_Coverage_Type_Medical
19305,Basic Group Life - AXA UK (Employee),Yes,5/2/11,163.8,Health_Care_Coverage_Type_Medical
19173,Basic Group Life - AXA UK (Employee),Yes,1/1/15,210.6,Health_Care_Coverage_Type_Medical
19229,Basic Group Life - AXA UK (Employee),Yes,10/4/10,167.7,Health_Care_Coverage_Type_Medical
19298,Basic Group Life - AXA UK (Employee),Yes,1/1/11,315.9,Health_Care_Coverage_Type_Medical
19359,Basic Group Life - AXA UK (Employee),Yes,1/1/15,257.4,Health_Care_Coverage_Type_Medical
19358,Basic Group Life - AXA UK (Employee),Yes,1/1/15,315.9,Health_Care_Coverage_Type_Medical
19357,Basic Group Life - AXA UK (Employee),Yes,1/1/15,292.5,Health_Care_Coverage_Type_Medical
19356,Basic Group Life - AXA UK (Employee),Yes,1/1/15,276.9,Health_Care_Coverage_Type_Medical
19355,Basic Group Life - AXA UK (Employee),Yes,1/1/15,304.2,Health_Care_Coverage_Type_Medical
19354,Basic Group Life - AXA UK (Employee),Yes,1/1/15,354.9,Health_Care_Coverage_Type_Medical
19353,Basic Group Life - AXA UK (Employee),Yes,1/1/15,214.5,Health_Care_Coverage_Type_Medical
19352,Basic Group Life - AXA UK (Employee),Yes,1/1/15,351,Health_Care_Coverage_Type_Medical
19205,Basic Group Life - AXA UK (Employee),Yes,1/1/00,296.4,Health_Care_Coverage_Type_Medical
19351,Basic Group Life - AXA UK (Employee),Yes,1/1/15,304.2,Health_Care_Coverage_Type_Medical
19350,Basic Group Life - AXA UK (Employee),Yes,1/1/15,191.1,Health_Care_Coverage_Type_Medical
19349,Basic Group Life - AXA UK (Employee),Yes,1/1/15,288.6,Health_Care_Coverage_Type_Medical
19348,Basic Group Life - AXA UK (Employee),Yes,1/1/15,292.5,Health_Care_Coverage_Type_Medical
19135,Basic Group Life - Standard Life  (Employee),Yes,1/1/07,22.95,Health_Care_Coverage_Type_Medical
19135,Long Term Disability - Standard Life Basic (Employee),Yes,1/1/07,11.8,Health_Care_Coverage_Type_Medical
19135,Short Term Disability - Standard Life  (Employee),Yes,1/1/07,7.8,Health_Care_Coverage_Type_Medical
19135,Voluntary AD&D - Standard Life  (Employee),Yes,1/1/07,1.2,Health_Care_Coverage_Type_Medical
19134,Basic Group Life - Standard Life  (Employee),Yes,1/1/07,25.2,Health_Care_Coverage_Type_Medical
19134,Long Term Disability - Standard Life Basic (Employee),Yes,1/1/07,11.8,Health_Care_Coverage_Type_Medical
19134,Short Term Disability - Standard Life  (Employee),Yes,1/1/08,7.8,Health_Care_Coverage_Type_Medical
19134,Voluntary AD&D - Standard Life  (Employee),Yes,1/1/07,0.6,Health_Care_Coverage_Type_Medical
19134,Voluntary Supplemental Life - Standard Life  (Employee),Yes,1/1/10,0,Health_Care_Coverage_Type_Medical
19133,Basic Group Life - Standard Life  (Employee),Yes,1/1/07,23.85,Health_Care_Coverage_Type_Medical
19133,Short Term Disability - Standard Life  (Employee),Yes,1/1/07,7.8,Health_Care_Coverage_Type_Medical
19133,Voluntary AD&D - Standard Life  (Employee),Yes,1/1/07,1.8,Health_Care_Coverage_Type_Medical
19133,Voluntary Supplemental Life - Standard Life  (Employee),Yes,1/1/07,0,Health_Care_Coverage_Type_Medical
19326,Basic Group Life - Standard Life  (Employee),Yes,6/1/12,34.2,Health_Care_Coverage_Type_Medical
19326,Short Term Disability - Standard Life  (Employee),Yes,6/1/12,7.8,Health_Care_Coverage_Type_Medical
19326,Voluntary Supplemental Life - Standard Life  (Employee),Yes,1/1/13,0,Health_Care_Coverage_Type_Medical
19198,Long Term Disability - Standard Life Basic (Employee),Yes,1/1/07,11.8,Health_Care_Coverage_Type_Medical
19198,Short Term Disability - Standard Life  (Employee),Yes,1/1/07,7.8,Health_Care_Coverage_Type_Medical
19198,Voluntary AD&D - Standard Life  (Employee),Yes,1/1/07,1.8,Health_Care_Coverage_Type_Medical
19198,Voluntary Supplemental Life - Standard Life  (Employee),Yes,1/1/07,0,Health_Care_Coverage_Type_Medical
19198,Basic Group Life - Standard Life  (Employee),Yes,1/1/07,40.95,Health_Care_Coverage_Type_Medical
19132,Basic Group Life - Standard Life  (Employee),Yes,1/1/07,48.6,Health_Care_Coverage_Type_Medical
19132,Long Term Disability - Standard Life Basic (Employee),Yes,1/1/12,11.8,Health_Care_Coverage_Type_Medical
19132,Short Term Disability - Standard Life  (Employee),Yes,1/1/07,7.8,Health_Care_Coverage_Type_Medical
19132,Voluntary AD&D - Standard Life  (Employee),Yes,1/1/07,1.2,Health_Care_Coverage_Type_Medical
19132,Voluntary Supplemental Life - Standard Life  (Employee),Yes,1/1/08,0,Health_Care_Coverage_Type_Medical
19387,Voluntary Supplemental Life - Standard Life  (Employee),Yes,1/1/15,0,Health_Care_Coverage_Type_Medical
19387,Basic Group Life - Standard Life  (Employee),Yes,1/1/15,15.3,Health_Care_Coverage_Type_Medical
19387,Long Term Disability - Standard Life Enhanced (Employee),Yes,1/1/15,13.5,Health_Care_Coverage_Type_Medical
19276,Basic Group Life - Standard Life  (Employee),Yes,1/9/12,13.05,Health_Care_Coverage_Type_Medical
19276,Short Term Disability - Standard Life  (Employee),Yes,1/9/12,7.8,Health_Care_Coverage_Type_Medical
19275,Basic Group Life - Standard Life  (Employee),Yes,3/14/11,13.95,Health_Care_Coverage_Type_Medical
19275,Short Term Disability - Standard Life  (Employee),Yes,3/14/11,7.8,Health_Care_Coverage_Type_Medical
19275,Voluntary AD&D - Standard Life  (Employee),Yes,3/14/11,0.6,Health_Care_Coverage_Type_Medical
19275,Voluntary Supplemental Life - Standard Life  (Employee),Yes,1/1/12,0,Health_Care_Coverage_Type_Medical
19274,Basic Group Life - Standard Life  (Employee),Yes,5/9/11,14.85,Health_Care_Coverage_Type_Medical
19274,Long Term Disability - Standard Life Basic (Employee),Yes,5/9/11,11.8,Health_Care_Coverage_Type_Medical
19274,Short Term Disability - Standard Life  (Employee),Yes,5/9/11,7.8,Health_Care_Coverage_Type_Medical
19274,Voluntary AD&D - Standard Life  (Employee),Yes,5/9/11,0.6,Health_Care_Coverage_Type_Medical
19274,Voluntary Supplemental Life - Standard Life  (Employee),Yes,1/1/14,0,Health_Care_Coverage_Type_Medical
19381,Basic Group Life - Standard Life  (Employee),Yes,1/1/15,38.25,Health_Care_Coverage_Type_Medical
19381,Long Term Disability - Standard Life Enhanced (Employee),Yes,1/1/15,13.5,Health_Care_Coverage_Type_Medical
19381,Short Term Disability - Standard Life  (Employee),Yes,1/1/15,7.8,Health_Care_Coverage_Type_Medical
19312,Basic Group Life - Standard Life  (Employee),Yes,6/4/12,17.1,Health_Care_Coverage_Type_Medical
19311,Basic Group Life - Standard Life  (Employee),Yes,3/5/12,15.3,Health_Care_Coverage_Type_Medical
19310,Voluntary Supplemental Life - Standard Life  (Employee),Yes,1/1/14,0,Health_Care_Coverage_Type_Medical
19310,Basic Group Life - Standard Life  (Employee),Yes,1/10/05,24.75,Health_Care_Coverage_Type_Medical
19242,Basic Group Life - Standard Life  (Employee),Yes,8/22/11,32.85,Health_Care_Coverage_Type_Medical
19242,Long Term Disability - Standard Life Basic (Employee),Yes,8/22/11,11.8,Health_Care_Coverage_Type_Medical
19242,Short Term Disability - Standard Life  (Employee),Yes,8/22/11,7.8,Health_Care_Coverage_Type_Medical
19242,Voluntary Supplemental Life - Standard Life  (Employee),Yes,8/22/11,0,Health_Care_Coverage_Type_Medical
19386,Voluntary Supplemental Life - Standard Life  (Employee),Yes,1/1/15,0,Health_Care_Coverage_Type_Medical
19386,Basic Group Life - Standard Life  (Employee),Yes,1/1/15,17.1,Health_Care_Coverage_Type_Medical
19385,Basic Group Life - Standard Life  (Employee),Yes,1/1/15,18,Health_Care_Coverage_Type_Medical
19385,Voluntary Supplemental Life - Standard Life  (Employee),Yes,1/1/15,0,Health_Care_Coverage_Type_Medical
19384,Basic Group Life - Standard Life  (Employee),Yes,1/1/15,17.1,Health_Care_Coverage_Type_Medical
19384,Voluntary Supplemental Life - Standard Life  (Employee),Yes,1/1/15,0,Health_Care_Coverage_Type_Medical
19383,Basic Group Life - Standard Life  (Employee),Yes,1/1/15,49.05,Health_Care_Coverage_Type_Medical
19383,Short Term Disability - Standard Life  (Employee),Yes,1/1/15,7.8,Health_Care_Coverage_Type_Medical
19383,Voluntary Supplemental Life - Standard Life  (Employee),Yes,1/1/15,0,Health_Care_Coverage_Type_Medical
19382,Basic Group Life - Standard Life  (Employee),Yes,1/1/16,49.5,Health_Care_Coverage_Type_Medical
19079,Long Term Disability - Standard Life Basic (Employee),Yes,1/1/12,11.8,Health_Care_Coverage_Type_Medical
19079,Short Term Disability - Standard Life  (Employee),Yes,1/1/07,7.8,Health_Care_Coverage_Type_Medical
19079,Voluntary AD&D - Standard Life  (Employee),Yes,1/1/08,1.2,Health_Care_Coverage_Type_Medical
19079,Voluntary Supplemental Life - Standard Life  (Employee),Yes,1/1/10,0,Health_Care_Coverage_Type_Medical
19079,Basic Group Life - Standard Life  (Employee),Yes,1/1/07,71.55,Health_Care_Coverage_Type_Medical
19296,Basic Group Life - Standard Life  (Employee),Yes,1/16/12,38.7,Health_Care_Coverage_Type_Medical
19295,Basic Group Life - Standard Life  (Employee),Yes,2/15/12,31.95,Health_Care_Coverage_Type_Medical
19293,Basic Group Life - Standard Life  (Employee),Yes,3/14/11,18.9,Health_Care_Coverage_Type_Medical
19293,Short Term Disability - Standard Life  (Employee),Yes,3/14/11,7.8,Health_Care_Coverage_Type_Medical
19293,Voluntary Supplemental Life - Standard Life  (Employee),Yes,1/1/12,0,Health_Care_Coverage_Type_Medical
19292,Basic Group Life - Standard Life  (Employee),Yes,3/14/11,19.8,Health_Care_Coverage_Type_Medical
19292,Long Term Disability - Standard Life Basic (Employee),Yes,1/1/12,11.8,Health_Care_Coverage_Type_Medical
19292,Short Term Disability - Standard Life  (Employee),Yes,3/14/11,7.8,Health_Care_Coverage_Type_Medical
19291,Basic Group Life - Standard Life  (Employee),Yes,2/7/11,18.45,Health_Care_Coverage_Type_Medical
19291,Long Term Disability - Standard Life Basic (Employee),Yes,1/1/12,11.8,Health_Care_Coverage_Type_Medical
19291,Short Term Disability - Standard Life  (Employee),Yes,2/7/11,7.8,Health_Care_Coverage_Type_Medical
19238,Basic Group Life - Standard Life  (Employee),Yes,2/22/11,31.5,Health_Care_Coverage_Type_Medical
19238,Long Term Disability - Standard Life Basic (Employee),Yes,2/22/11,11.8,Health_Care_Coverage_Type_Medical
19238,Voluntary AD&D - Standard Life  (Employee),Yes,1/1/12,0.6,Health_Care_Coverage_Type_Medical
19238,Voluntary Supplemental Life - Standard Life  (Employee),Yes,2/22/11,0,Health_Care_Coverage_Type_Medical
19238,Spouse Life - Standard Life  (Spouse),Yes,1/2/14,0,Health_Care_Coverage_Type_Medical
19140,Long Term Disability - Standard Life Basic (Employee),Yes,1/1/12,11.8,Health_Care_Coverage_Type_Medical
19140,Short Term Disability - Standard Life  (Employee),Yes,1/1/07,7.8,Health_Care_Coverage_Type_Medical
19140,Voluntary AD&D - Standard Life  (Employee),Yes,1/1/07,2.4,Health_Care_Coverage_Type_Medical
19140,Voluntary Supplemental Life - Standard Life  (Employee),Yes,1/1/07,0,Health_Care_Coverage_Type_Medical
19140,Basic Group Life - Standard Life  (Employee),Yes,1/1/07,49.5,Health_Care_Coverage_Type_Medical
19139,Basic Group Life - Standard Life  (Employee),Yes,1/1/07,47.7,Health_Care_Coverage_Type_Medical
19139,Long Term Disability - Standard Life Basic (Employee),Yes,1/1/07,11.8,Health_Care_Coverage_Type_Medical
19139,Short Term Disability - Standard Life  (Employee),Yes,1/1/07,7.8,Health_Care_Coverage_Type_Medical
19139,Voluntary AD&D - Standard Life  (Employee),Yes,1/1/07,2.4,Health_Care_Coverage_Type_Medical
19139,Voluntary Supplemental Life - Standard Life  (Employee),Yes,1/1/07,0,Health_Care_Coverage_Type_Medical
19231,Short Term Disability - Standard Life  (Employee),Yes,6/6/11,7.8,Health_Care_Coverage_Type_Medical
19231,Voluntary Supplemental Life - Standard Life  (Employee),Yes,6/6/11,0,Health_Care_Coverage_Type_Medical
19231,Basic Group Life - Standard Life  (Employee),Yes,6/6/11,64.8,Health_Care_Coverage_Type_Medical
19231,Long Term Disability - Standard Life Basic (Employee),Yes,6/6/11,11.8,Health_Care_Coverage_Type_Medical
19390,Pension - Collectum ITP1 (Employee),Yes,1/1/15,2699.28,Health_Care_Coverage_Type_Medical
19391,Pension - Collectum ITP1 (Employee),Yes,1/1/15,2819.07,Health_Care_Coverage_Type_Medical
19416,Pension - Collectum Supplemental ITP1 (Employee),Yes,1/1/16,12500,Health_Care_Coverage_Type_Medical
19416,Pension - Collectum ITP1 (Employee),Yes,1/1/16,2250,Health_Care_Coverage_Type_Medical
19376,Basic Group Life - NN Life  (Employee),Yes,10/1/14,0,Health_Care_Coverage_Type_Medical
19185,Basic Group Life - NN Life  (Employee),Yes,1/1/00,0,Health_Care_Coverage_Type_Medical
19125,Basic Group Life - NN Life  (Employee),Yes,1/1/00,0,Health_Care_Coverage_Type_Medical
19122,Basic Group Life - NN Life  (Employee),Yes,1/1/00,0,Health_Care_Coverage_Type_Medical
19279,Basic Group Life - NN Life  (Employee),Yes,4/9/12,0,Health_Care_Coverage_Type_Medical
19378,Basic Group Life - NN Life  (Employee),Yes,3/3/15,0,Health_Care_Coverage_Type_Medical
19428,Basic Group Life - AXA UK (Employee),Yes,1/1/16,210.6,Health_Care_Coverage_Type_Medical
19429,Basic Group Life - AXA UK (Employee),Yes,2/1/16,230.1,Health_Care_Coverage_Type_Medical
19432,Pension - Collectum Supplemental ITP1 (Employee),Yes,10/31/16,12794.17,Health_Care_Coverage_Type_Medical
19433,Basic Group Life - NN Life  (Employee),Yes,11/1/16,0,Health_Care_Coverage_Type_Medical
19284,Basic Group Life - AXA UK (Employee),Yes,12/6/10,409.5,Health_Care_Coverage_Type_Medical
19127,Basic Group Life - AXA UK (Employee),Yes,1/1/00,171.6,Health_Care_Coverage_Type_Medical
19180,Basic Group Life - AXA UK (Employee),Yes,1/1/00,167.7,Health_Care_Coverage_Type_Medical
19435,Pension - Collectum ITP1 (Employee),Yes,2/1/16,1069.84,Health_Care_Coverage_Type_Medical
19444,Basic Group Life - AXA Ireland (Employee),Yes,1/1/16,554.4,Health_Care_Coverage_Type_Medical
19169,Basic Group Life - AXA UK (Employee),Yes,1/1/00,210.6,Health_Care_Coverage_Type_Medical
19167,Basic Group Life - AXA UK (Employee),Yes,1/1/00,249.6,Health_Care_Coverage_Type_Medical
19227,Basic Group Life - AXA UK (Employee),Yes,6/14/10,198.9,Health_Care_Coverage_Type_Medical
19473,Basic Group Life - NN Life  (Employee),Yes,2/1/16,0,Health_Care_Coverage_Type_Medical
19474,Basic Group Life - NN Life  (Employee),Yes,6/15/17,0,Health_Care_Coverage_Type_Medical
19475,Basic Group Life - NN Life  (Employee),Yes,3/18/18,0,Health_Care_Coverage_Type_Medical
19476,Basic Group Life - NN Life  (Employee),Yes,1/1/16,0,Health_Care_Coverage_Type_Medical
19477,Basic Group Life - NN Life  (Employee),Yes,1/1/17,0,Health_Care_Coverage_Type_Medical
19252,Medical - Aviva  PMI,Yes,1/16/10,540,Health_Care_Coverage_Type_Medical
19202,Medical - Chindex United Family Healthcare  Supplemental Health Insurance,Yes,1/1/00,86.25,Health_Care_Coverage_Type_Medical
19245,Medical - Chindex United Family Healthcare  Supplemental Health Insurance,Yes,10/3/11,86.25,Health_Care_Coverage_Type_Medical
19224,Medical - Chindex United Family Healthcare  Supplemental Health Insurance,Yes,5/16/10,86.25,Health_Care_Coverage_Type_Medical
19236,Medical - Chindex United Family Healthcare  Supplemental Health Insurance,Yes,9/6/10,86.25,Health_Care_Coverage_Type_Medical
19228,Medical - Chindex United Family Healthcare  Supplemental Health Insurance,Yes,8/2/10,86.25,Health_Care_Coverage_Type_Medical
19183,Medical - Chindex United Family Healthcare  Supplemental Health Insurance,Yes,1/1/00,86.25,Health_Care_Coverage_Type_Medical
19203,Medical - Chindex United Family Healthcare  Supplemental Health Insurance,Yes,1/1/00,86.25,Health_Care_Coverage_Type_Medical
19160,Medical - Chindex United Family Healthcare  Supplemental Health Insurance,Yes,1/1/00,86.25,Health_Care_Coverage_Type_Medical
19380,Medical - Chindex United Family Healthcare  Supplemental Health Insurance,Yes,3/3/15,86.25,Health_Care_Coverage_Type_Medical
19131,Medical - Bupa  Private Health Care,Yes,1/1/00,49.17,Health_Care_Coverage_Type_Medical
19129,Medical - Bupa  Private Health Care,Yes,1/1/00,49.17,Health_Care_Coverage_Type_Medical
19266,Medical - Bupa  Private Health Care,Yes,7/1/14,49.17,Health_Care_Coverage_Type_Medical
19332,Medical - Bupa  Private Health Care,Yes,7/23/14,49.17,Health_Care_Coverage_Type_Medical
19168,Medical - Bupa  Private Health Care,Yes,1/1/00,83.33,Health_Care_Coverage_Type_Medical
19299,Medical - Bupa  Private Health Care,Yes,3/7/11,49.17,Health_Care_Coverage_Type_Medical
19244,Medical - Bupa  Private Health Care,Yes,11/8/11,83.33,Health_Care_Coverage_Type_Medical
19254,Medical - Bupa  Private Health Care,Yes,3/1/10,49.17,Health_Care_Coverage_Type_Medical
19239,Medical - Bupa  Private Health Care,Yes,11/15/10,49.17,Health_Care_Coverage_Type_Medical
19305,Medical - Bupa  Private Health Care,Yes,5/2/11,49.17,Health_Care_Coverage_Type_Medical
19173,Medical - Bupa  Private Health Care,Yes,1/1/00,49.17,Health_Care_Coverage_Type_Medical
19229,Medical - Bupa  Private Health Care,Yes,10/4/10,49.17,Health_Care_Coverage_Type_Medical
19298,Medical - Bupa  Private Health Care,Yes,1/1/11,49.17,Health_Care_Coverage_Type_Medical
19205,Medical - Bupa  Private Health Care,Yes,1/1/00,49.17,Health_Care_Coverage_Type_Medical
19135,Dental - Sun Life  Basic,Yes,1/1/07,13,Health_Care_Coverage_Type_Medical
19135,Medical - Sun Life  Basic,Yes,1/1/12,40,Health_Care_Coverage_Type_Medical
19134,Medical - Sun Life  Basic,Yes,1/1/07,40,Health_Care_Coverage_Type_Medical
19133,Medical - Sun Life  Basic,Yes,1/1/07,48,Health_Care_Coverage_Type_Medical
19133,Dental - Sun Life  Basic,Yes,1/1/07,20,Health_Care_Coverage_Type_Medical
19326,Dental - Sun Life  Basic,Yes,6/1/12,13,Health_Care_Coverage_Type_Medical
19326,Medical - Sun Life  Basic,Yes,6/1/12,40,Health_Care_Coverage_Type_Medical
19198,Dental - Sun Life  Enhanced,Yes,1/1/10,28,Health_Care_Coverage_Type_Medical
19198,Medical - Sun Life  Basic,Yes,1/1/07,60,Health_Care_Coverage_Type_Medical
19132,Dental - Sun Life  Basic,Yes,1/1/12,35,Health_Care_Coverage_Type_Medical
19132,Medical - Sun Life  Basic,Yes,1/1/07,60,Health_Care_Coverage_Type_Medical
19387,Dental - Sun Life  Enhanced,Yes,1/1/15,21,Health_Care_Coverage_Type_Medical
19387,Medical - Sun Life  Enhanced,Yes,1/1/15,8,Health_Care_Coverage_Type_Medical
19276,Dental - Sun Life  Basic,Yes,1/1/13,13,Health_Care_Coverage_Type_Medical
19276,Medical - Sun Life  Basic,Yes,1/9/12,40,Health_Care_Coverage_Type_Medical
19275,Dental - Sun Life  Enhanced,Yes,1/1/12,21,Health_Care_Coverage_Type_Medical
19275,Medical - Sun Life  Basic,Yes,3/14/11,40,Health_Care_Coverage_Type_Medical
19274,Dental - Sun Life  Enhanced,Yes,1/1/12,21,Health_Care_Coverage_Type_Medical
19381,Dental - Sun Life  Basic,Yes,1/1/15,13,Health_Care_Coverage_Type_Medical
19381,Medical - Sun Life  Basic,Yes,1/1/15,40,Health_Care_Coverage_Type_Medical
19312,Medical - Sun Life  Basic,Yes,6/4/12,40,Health_Care_Coverage_Type_Medical
19312,Dental - Sun Life  Enhanced,Yes,1/1/14,21,Health_Care_Coverage_Type_Medical
19311,Dental - Sun Life  Basic,Yes,3/5/12,13,Health_Care_Coverage_Type_Medical
19311,Medical - Sun Life  Basic,Yes,3/5/12,40,Health_Care_Coverage_Type_Medical
19310,Dental - Sun Life  Basic,Yes,1/10/05,13,Health_Care_Coverage_Type_Medical
19310,Medical - Sun Life  Basic,Yes,1/10/05,40,Health_Care_Coverage_Type_Medical
19242,Dental - Sun Life  Basic,Yes,8/22/11,13,Health_Care_Coverage_Type_Medical
19386,Dental - Sun Life  Basic,Yes,1/1/15,13,Health_Care_Coverage_Type_Medical
19386,Medical - Sun Life  Basic,Yes,1/1/15,40,Health_Care_Coverage_Type_Medical
19385,Medical - Sun Life  Basic,Yes,1/1/15,40,Health_Care_Coverage_Type_Medical
19384,Dental - Sun Life  Enhanced,Yes,1/1/15,21,Health_Care_Coverage_Type_Medical
19384,Medical - Sun Life  Enhanced,Yes,1/1/15,8,Health_Care_Coverage_Type_Medical
19383,Medical - Sun Life  Basic,Yes,1/1/15,40,Health_Care_Coverage_Type_Medical
19383,Dental - Sun Life  Basic,Yes,1/1/15,13,Health_Care_Coverage_Type_Medical
19079,Dental - Sun Life  Basic,Yes,1/1/07,35,Health_Care_Coverage_Type_Medical
19079,Medical - Sun Life  Basic,Yes,1/1/11,60,Health_Care_Coverage_Type_Medical
19296,Medical - Sun Life  Basic,Yes,1/16/12,40,Health_Care_Coverage_Type_Medical
19295,Dental - Sun Life  Basic,Yes,2/15/12,13,Health_Care_Coverage_Type_Medical
19295,Medical - Sun Life  Basic,Yes,2/15/12,40,Health_Care_Coverage_Type_Medical
19293,Medical - Sun Life  Basic,Yes,3/14/11,48,Health_Care_Coverage_Type_Medical
19292,Dental - Sun Life  Basic,Yes,3/14/11,20,Health_Care_Coverage_Type_Medical
19292,Medical - Sun Life  Basic,Yes,3/14/11,48,Health_Care_Coverage_Type_Medical
19291,Dental - Sun Life  Enhanced,Yes,2/7/11,28,Health_Care_Coverage_Type_Medical
19291,Medical - Sun Life  Basic,Yes,2/7/11,60,Health_Care_Coverage_Type_Medical
19238,Dental - Sun Life  Enhanced,Yes,2/22/11,25,Health_Care_Coverage_Type_Medical
19238,Medical - Sun Life  Basic,Yes,1/1/14,48,Health_Care_Coverage_Type_Medical
19140,Medical - Sun Life  Basic,Yes,1/1/07,48,Health_Care_Coverage_Type_Medical
19140,Dental - Sun Life  Basic,Yes,1/1/07,13,Health_Care_Coverage_Type_Medical
19139,Dental - Sun Life  Basic,Yes,1/1/12,20,Health_Care_Coverage_Type_Medical
19139,Medical - Sun Life  Basic,Yes,1/1/12,60,Health_Care_Coverage_Type_Medical
19231,Medical - Sun Life  Enhanced,Yes,6/6/11,68,Health_Care_Coverage_Type_Medical
19393,Contingency Fund - Malakoff Médéric  Prévoyance Cadres,Yes,1/1/15,0,Health_Care_Coverage_Type_Medical
19393,Health - La Mutuelle Générale  Mutuelle Groupe,Yes,1/1/15,0,Health_Care_Coverage_Type_Medical
19392,Supplementary Retirement - AG2R La Mondiale  Plan Epargne Retraite (Article 83),Yes,1/1/15,0,Health_Care_Coverage_Type_Medical
19392,Contingency Fund - Malakoff Médéric  Prévoyance Cadres,Yes,1/1/15,0,Health_Care_Coverage_Type_Medical
19392,Health - La Mutuelle Générale  Mutuelle Groupe,Yes,1/1/15,0,Health_Care_Coverage_Type_Medical
19374,Contingency Fund - Malakoff Médéric  Prévoyance Non Cadres,Yes,1/1/15,0,Health_Care_Coverage_Type_Medical
19374,Health - La Mutuelle Générale  Mutuelle Groupe,Yes,1/1/15,0,Health_Care_Coverage_Type_Medical
19373,Health - La Mutuelle Générale  Mutuelle Groupe,Yes,1/1/15,0,Health_Care_Coverage_Type_Medical
19373,Contingency Fund - Malakoff Médéric  Prévoyance Non Cadres,Yes,1/1/15,0,Health_Care_Coverage_Type_Medical
19372,Contingency Fund - Malakoff Médéric  Prévoyance Non Cadres,Yes,1/1/15,0,Health_Care_Coverage_Type_Medical
19372,Health - La Mutuelle Générale  Mutuelle Groupe,Yes,1/1/15,0,Health_Care_Coverage_Type_Medical
19322,Contingency Fund - Malakoff Médéric  Prévoyance Non Cadres,Yes,1/1/15,0,Health_Care_Coverage_Type_Medical
19322,Health - La Mutuelle Générale  Mutuelle Groupe,Yes,1/1/15,0,Health_Care_Coverage_Type_Medical
19307,Contingency Fund - Malakoff Médéric  Prévoyance Non Cadres,Yes,1/1/15,0,Health_Care_Coverage_Type_Medical
19307,Health - La Mutuelle Générale  Mutuelle Groupe,Yes,1/1/15,0,Health_Care_Coverage_Type_Medical
19303,Contingency Fund - Malakoff Médéric  Prévoyance Non Cadres,Yes,1/1/15,0,Health_Care_Coverage_Type_Medical
19303,Health - La Mutuelle Générale  Mutuelle Groupe,Yes,1/1/15,0,Health_Care_Coverage_Type_Medical
19301,Contingency Fund - Malakoff Médéric  Prévoyance Cadres,Yes,1/1/15,0,Health_Care_Coverage_Type_Medical
19301,Health - La Mutuelle Générale  Mutuelle Groupe,Yes,1/1/15,0,Health_Care_Coverage_Type_Medical
19300,Health - La Mutuelle Générale  Mutuelle Groupe,Yes,1/1/15,0,Health_Care_Coverage_Type_Medical
19300,Contingency Fund - Malakoff Médéric  Prévoyance Non Cadres,Yes,1/1/15,0,Health_Care_Coverage_Type_Medical
19409,Contingency Fund - Malakoff Médéric  Prévoyance Cadres,Yes,1/1/15,0,Health_Care_Coverage_Type_Medical
19409,Health - La Mutuelle Générale  Mutuelle Groupe,Yes,1/1/15,0,Health_Care_Coverage_Type_Medical
19408,Contingency Fund - Malakoff Médéric  Prévoyance Cadres,Yes,1/1/15,0,Health_Care_Coverage_Type_Medical
19408,Health - La Mutuelle Générale  Mutuelle Groupe,Yes,1/1/15,0,Health_Care_Coverage_Type_Medical
19407,Supplementary Retirement - AG2R La Mondiale  Plan Epargne Retraite (Article 83),Yes,1/1/15,0,Health_Care_Coverage_Type_Medical
19407,Contingency Fund - Malakoff Médéric  Prévoyance Cadres,Yes,1/1/15,0,Health_Care_Coverage_Type_Medical
19407,Health - La Mutuelle Générale  Mutuelle Groupe,Yes,1/1/15,0,Health_Care_Coverage_Type_Medical
19406,Contingency Fund - Malakoff Médéric  Prévoyance Cadres,Yes,1/1/15,0,Health_Care_Coverage_Type_Medical
19406,Health - La Mutuelle Générale  Mutuelle Groupe,Yes,1/1/15,0,Health_Care_Coverage_Type_Medical
19403,Supplementary Retirement - AG2R La Mondiale  Plan Epargne Retraite (Article 83),Yes,1/1/15,0,Health_Care_Coverage_Type_Medical
19403,Contingency Fund - Malakoff Médéric  Prévoyance Cadres,Yes,1/1/15,0,Health_Care_Coverage_Type_Medical
19403,Health - La Mutuelle Générale  Mutuelle Groupe,Yes,1/1/15,0,Health_Care_Coverage_Type_Medical
19402,Contingency Fund - Malakoff Médéric  Prévoyance Cadres,Yes,1/1/15,0,Health_Care_Coverage_Type_Medical
19402,Health - La Mutuelle Générale  Mutuelle Groupe,Yes,1/1/15,0,Health_Care_Coverage_Type_Medical
19401,Contingency Fund - Malakoff Médéric  Prévoyance Cadres,Yes,1/1/15,0,Health_Care_Coverage_Type_Medical
19401,Health - La Mutuelle Générale  Mutuelle Groupe,Yes,1/1/15,0,Health_Care_Coverage_Type_Medical
19400,Contingency Fund - Malakoff Médéric  Prévoyance Cadres,Yes,1/1/15,0,Health_Care_Coverage_Type_Medical
19400,Health - La Mutuelle Générale  Mutuelle Groupe,Yes,1/1/15,0,Health_Care_Coverage_Type_Medical
19399,Contingency Fund - Malakoff Médéric  Prévoyance Non Cadres,Yes,1/1/15,0,Health_Care_Coverage_Type_Medical
19399,Health - La Mutuelle Générale  Mutuelle Groupe,Yes,1/1/15,0,Health_Care_Coverage_Type_Medical
19398,Contingency Fund - Malakoff Médéric  Prévoyance Cadres,Yes,1/1/15,0,Health_Care_Coverage_Type_Medical
19398,Health - La Mutuelle Générale  Mutuelle Groupe,Yes,1/1/15,0,Health_Care_Coverage_Type_Medical
19397,Contingency Fund - Malakoff Médéric  Prévoyance Cadres,Yes,1/1/15,0,Health_Care_Coverage_Type_Medical
19397,Health - La Mutuelle Générale  Mutuelle Groupe,Yes,1/1/15,0,Health_Care_Coverage_Type_Medical
19395,Contingency Fund - Malakoff Médéric  Prévoyance Cadres,Yes,1/1/15,0,Health_Care_Coverage_Type_Medical
19395,Health - La Mutuelle Générale  Mutuelle Groupe,Yes,1/1/15,0,Health_Care_Coverage_Type_Medical
19394,Contingency Fund - Malakoff Médéric  Prévoyance Cadres,Yes,1/1/15,0,Health_Care_Coverage_Type_Medical
19394,Health - La Mutuelle Générale  Mutuelle Groupe,Yes,1/1/15,0,Health_Care_Coverage_Type_Medical
19396,Contingency Fund - Malakoff Médéric  Prévoyance Cadres,Yes,1/1/15,0,Health_Care_Coverage_Type_Medical
19396,Health - La Mutuelle Générale  Mutuelle Groupe,Yes,1/1/15,0,Health_Care_Coverage_Type_Medical
19297,Supplementary Retirement - AG2R La Mondiale  Plan Epargne Retraite (Article 83),Yes,1/1/15,0,Health_Care_Coverage_Type_Medical
19297,Contingency Fund - Malakoff Médéric  Prévoyance Cadres,Yes,1/1/15,0,Health_Care_Coverage_Type_Medical
19297,Health - La Mutuelle Générale  Mutuelle Groupe,Yes,1/1/15,0,Health_Care_Coverage_Type_Medical
19206,Health - La Mutuelle Générale  Mutuelle Groupe,Yes,1/1/15,0,Health_Care_Coverage_Type_Medical
19206,Contingency Fund - Malakoff Médéric  Prévoyance Cadres,Yes,1/1/15,0,Health_Care_Coverage_Type_Medical
19130,Health - La Mutuelle Générale  Mutuelle Groupe,Yes,1/1/15,0,Health_Care_Coverage_Type_Medical
19130,Contingency Fund - Malakoff Médéric  Prévoyance Non Cadres,Yes,1/1/15,0,Health_Care_Coverage_Type_Medical
19178,Supplementary Retirement - AG2R La Mondiale  Plan Epargne Retraite (Article 83),Yes,1/1/15,0,Health_Care_Coverage_Type_Medical
19178,Contingency Fund - Malakoff Médéric  Prévoyance Cadres,Yes,1/1/15,0,Health_Care_Coverage_Type_Medical
19178,Health - La Mutuelle Générale  Mutuelle Groupe,Yes,1/1/15,0,Health_Care_Coverage_Type_Medical
19405,Contingency Fund - Malakoff Médéric  Prévoyance Cadres,Yes,1/1/15,0,Health_Care_Coverage_Type_Medical
19405,Health - La Mutuelle Générale  Mutuelle Groupe,Yes,1/1/15,0,Health_Care_Coverage_Type_Medical
19404,Health - La Mutuelle Générale  Mutuelle Groupe,Yes,1/1/15,0,Health_Care_Coverage_Type_Medical
19429,Medical - Bupa  Private Health Care,Yes,2/1/16,49.17,Health_Care_Coverage_Type_Medical
19404,Supplementary Retirement - AG2R La Mondiale  Plan Epargne Retraite (Article 83),Yes,1/1/15,0,Health_Care_Coverage_Type_Medical
19404,Contingency Fund - Malakoff Médéric  Prévoyance Cadres,Yes,1/1/15,0,Health_Care_Coverage_Type_Medical
19284,Medical - Bupa  Private Health Care,Yes,12/6/10,83.33,Health_Care_Coverage_Type_Medical
19127,Medical - Bupa  Private Health Care,Yes,1/1/00,83.33,Health_Care_Coverage_Type_Medical
19180,Medical - Bupa  Private Health Care,Yes,1/1/00,49.17,Health_Care_Coverage_Type_Medical
19444,Medical - Aviva  PMI,Yes,1/1/16,540,Health_Care_Coverage_Type_Medical
19169,Medical - Bupa  Private Health Care,Yes,1/1/00,125,Health_Care_Coverage_Type_Medical
19167,Medical - Bupa  Private Health Care,Yes,1/1/00,125,Health_Care_Coverage_Type_Medical
19227,Medical - Bupa  Private Health Care,Yes,6/14/10,125,Health_Care_Coverage_Type_Medical
19287,Medical - Bupa  Health Fund,Yes,11/7/11,450,Health_Care_Coverage_Type_Medical
19121,Medical - Bupa  Health Fund,Yes,1/1/00,450,Health_Care_Coverage_Type_Medical
19184,Medical - Bupa  Health Fund,Yes,1/1/00,450,Health_Care_Coverage_Type_Medical
19286,Medical - Bupa  Health Fund,Yes,10/31/11,450,Health_Care_Coverage_Type_Medical
19315,Medical - Bupa  Health Fund,Yes,2/11/13,450,Health_Care_Coverage_Type_Medical
19278,Medical - Bupa  Health Fund,Yes,4/16/12,450,Health_Care_Coverage_Type_Medical
19285,Medical - Bupa  Health Fund,Yes,10/17/11,450,Health_Care_Coverage_Type_Medical
19186,Health - MetLife Insurance  IMSS,Yes,1/1/00,7.58,Health_Care_Coverage_Type_Medical
19189,Health - MetLife Insurance  IMSS,Yes,1/1/00,7.58,Health_Care_Coverage_Type_Medical
19196,Health - MetLife Insurance  IMSS,Yes,1/1/00,7.58,Health_Care_Coverage_Type_Medical
19138,Health - MetLife Insurance  IMSS,Yes,1/1/00,7.58,Health_Care_Coverage_Type_Medical
19208,Health - MetLife Insurance  IMSS,Yes,1/1/00,7.58,Health_Care_Coverage_Type_Medical
19187,Health - MetLife Insurance  IMSS,Yes,1/1/00,7.58,Health_Care_Coverage_Type_Medical
19136,Health - MetLife Insurance  IMSS,Yes,1/1/00,7.58,Health_Care_Coverage_Type_Medical
19076,Health - MetLife Insurance  IMSS,Yes,1/1/00,11.89,Health_Care_Coverage_Type_Medical
19137,Health - MetLife Insurance  IMSS,Yes,1/1/00,14.7,Health_Care_Coverage_Type_Medical
19489,Medical - Bupa  Health Fund,Yes,4/1/20,450,Health_Care_Coverage_Type_Medical
19491,Medical - Bupa,Yes,2/4/18,120,Health_Care_Coverage_Type_Medical
19492,Medical - Bupa,Yes,4/2/20,120,Health_Care_Coverage_Type_Medical
19288,Medical - Bupa,Yes,5/28/12,120,Health_Care_Coverage_Type_Medical
19316,Medical - Bupa,Yes,2/25/13,120,Health_Care_Coverage_Type_Medical
19494,Medical - Bupa,Yes,4/1/20,120,Health_Care_Coverage_Type_Medical
19495,Medical - Bupa  Health Fund,Yes,6/6/17,450,Health_Care_Coverage_Type_Medical
19496,Medical - Bupa  Health Fund,Yes,10/16/17,900,Health_Care_Coverage_Type_Medical
19490,Medical - Bupa,Yes,6/15/16,250,Health_Care_Coverage_Type_Medical
19497,Medical - Bupa,Yes,4/20/20,120,Health_Care_Coverage_Type_Medical
19498,Medical - Bupa,Yes,4/1/20,120,Health_Care_Coverage_Type_Medical
19499,Medical - Bupa,Yes,5/1/20,120,Health_Care_Coverage_Type_Medical
19169,Childcare Vouchers - Computershare Voucher Services,Yes,1/1/00,0,Health_Care_Coverage_Type_Medical
19167,Childcare Vouchers - Computershare Voucher Services,Yes,1/1/00,0,Health_Care_Coverage_Type_Medical
19227,Childcare Vouchers - Computershare Voucher Services,Yes,6/14/10,0,Health_Care_Coverage_Type_Medical
19019,401(k) - Charles Schwab,Yes,1/1/08,0,Health_Care_Coverage_Type_Medical
19020,401(k) - Charles Schwab,Yes,1/1/08,0,Health_Care_Coverage_Type_Medical
19038,401(k) - Charles Schwab,Yes,1/1/08,0,Health_Care_Coverage_Type_Medical
19021,401(k) - Charles Schwab,Yes,1/1/08,0,Health_Care_Coverage_Type_Medical
19041,401(k) - Charles Schwab,Yes,1/1/08,0,Health_Care_Coverage_Type_Medical
19008,401(k) - Charles Schwab,Yes,1/1/08,0,Health_Care_Coverage_Type_Medical
19050,401(k) - Charles Schwab,Yes,1/1/08,0,Health_Care_Coverage_Type_Medical
19016,401(k) - Charles Schwab,Yes,1/1/08,0,Health_Care_Coverage_Type_Medical
19035,401(k) - Charles Schwab,Yes,1/1/08,0,Health_Care_Coverage_Type_Medical
19013,401(k) - Charles Schwab,Yes,1/1/08,0,Health_Care_Coverage_Type_Medical
19063,401(k) - Charles Schwab,Yes,1/1/08,0,Health_Care_Coverage_Type_Medical
19068,401(k) - Charles Schwab,Yes,1/1/08,0,Health_Care_Coverage_Type_Medical
19030,401(k) - Charles Schwab,Yes,1/1/08,0,Health_Care_Coverage_Type_Medical
19054,401(k) - Charles Schwab,Yes,1/1/08,0,Health_Care_Coverage_Type_Medical
19066,401(k) - Charles Schwab,Yes,1/1/08,0,Health_Care_Coverage_Type_Medical
19065,401(k) - Charles Schwab,Yes,1/1/08,0,Health_Care_Coverage_Type_Medical
19024,401(k) - Charles Schwab,Yes,1/1/08,0,Health_Care_Coverage_Type_Medical
19011,401(k) - Charles Schwab,Yes,1/1/08,0,Health_Care_Coverage_Type_Medical
19023,401(k) - Charles Schwab,Yes,1/1/08,0,Health_Care_Coverage_Type_Medical
19080,401(k) - Charles Schwab,Yes,1/1/08,0,Health_Care_Coverage_Type_Medical
19007,401(k) - Charles Schwab,Yes,1/1/08,0,Health_Care_Coverage_Type_Medical
19014,401(k) - Charles Schwab,Yes,1/10/08,0,Health_Care_Coverage_Type_Medical
19046,401(k) - Charles Schwab,Yes,1/1/08,0,Health_Care_Coverage_Type_Medical
19026,401(k) - Charles Schwab,Yes,1/1/08,0,Health_Care_Coverage_Type_Medical
19025,401(k) - Charles Schwab,Yes,1/1/08,0,Health_Care_Coverage_Type_Medical
19018,401(k) - Charles Schwab,Yes,1/1/08,0,Health_Care_Coverage_Type_Medical
19056,401(k) - Charles Schwab,Yes,1/1/08,0,Health_Care_Coverage_Type_Medical
19036,401(k) - Charles Schwab,Yes,1/1/08,0,Health_Care_Coverage_Type_Medical
19039,401(k) - Charles Schwab,Yes,1/1/08,0,Health_Care_Coverage_Type_Medical
19051,401(k) - Charles Schwab,Yes,1/1/08,0,Health_Care_Coverage_Type_Medical
19074,401(k) - Charles Schwab,Yes,1/1/08,0,Health_Care_Coverage_Type_Medical
19034,401(k) - Charles Schwab,Yes,1/1/08,0,Health_Care_Coverage_Type_Medical
19047,401(k) - Charles Schwab,Yes,1/1/08,0,Health_Care_Coverage_Type_Medical
19029,401(k) - Charles Schwab,Yes,1/1/08,0,Health_Care_Coverage_Type_Medical
19073,401(k) - Charles Schwab,Yes,1/1/08,0,Health_Care_Coverage_Type_Medical
19010,401(k) - Charles Schwab,Yes,1/1/08,0,Health_Care_Coverage_Type_Medical
19001,401(k) - Charles Schwab,Yes,1/1/08,0,Health_Care_Coverage_Type_Medical
19049,401(k) - Charles Schwab,Yes,1/1/08,0,Health_Care_Coverage_Type_Medical
19022,401(k) - Charles Schwab,Yes,1/1/08,0,Health_Care_Coverage_Type_Medical
19070,401(k) - Charles Schwab,Yes,1/1/08,0,Health_Care_Coverage_Type_Medical
19006,401(k) - Charles Schwab,Yes,1/1/08,0,Health_Care_Coverage_Type_Medical
19043,401(k) - Charles Schwab,Yes,1/1/08,0,Health_Care_Coverage_Type_Medical
19055,401(k) - Charles Schwab,Yes,1/1/08,0,Health_Care_Coverage_Type_Medical
19064,401(k) - Charles Schwab,Yes,1/1/08,0,Health_Care_Coverage_Type_Medical
19058,401(k) - Charles Schwab,Yes,1/1/08,0,Health_Care_Coverage_Type_Medical
19048,401(k) - Charles Schwab,Yes,1/1/08,0,Health_Care_Coverage_Type_Medical
19045,401(k) - Charles Schwab,Yes,1/1/08,0,Health_Care_Coverage_Type_Medical
19071,401(k) - Charles Schwab,Yes,1/1/08,0,Health_Care_Coverage_Type_Medical
19027,401(k) - Charles Schwab,Yes,1/1/08,0,Health_Care_Coverage_Type_Medical
19012,401(k) - Charles Schwab,Yes,1/1/08,0,Health_Care_Coverage_Type_Medical
19059,401(k) - Charles Schwab,Yes,1/1/08,0,Health_Care_Coverage_Type_Medical
19031,401(k) - Charles Schwab,Yes,1/1/08,0,Health_Care_Coverage_Type_Medical
19062,401(k) - Charles Schwab,Yes,1/1/08,0,Health_Care_Coverage_Type_Medical
19044,401(k) - Charles Schwab,Yes,1/1/08,0,Health_Care_Coverage_Type_Medical
19033,401(k) - Charles Schwab,Yes,1/1/08,0,Health_Care_Coverage_Type_Medical
19037,401(k) - Charles Schwab,Yes,1/1/08,0,Health_Care_Coverage_Type_Medical
19052,401(k) - Charles Schwab,Yes,1/1/08,0,Health_Care_Coverage_Type_Medical
19103,401(k) - Charles Schwab Roth,Yes,1/4/10,0,Health_Care_Coverage_Type_Medical
19103,401(k) - Charles Schwab,Yes,1/4/10,0,Health_Care_Coverage_Type_Medical
19032,401(k) - Charles Schwab Catch-up,Yes,2/1/10,0,Health_Care_Coverage_Type_Medical
19032,401(k) - Charles Schwab,Yes,1/1/08,0,Health_Care_Coverage_Type_Medical
19075,401(k) - Charles Schwab Catch-up,Yes,2/1/10,0,Health_Care_Coverage_Type_Medical
19075,401(k) - Charles Schwab Roth,Yes,2/1/10,0,Health_Care_Coverage_Type_Medical
19075,401(k) - Charles Schwab,Yes,1/1/08,0,Health_Care_Coverage_Type_Medical
19140,RRSP - Sun Life,Yes,1/1/07,0,Health_Care_Coverage_Type_Medical
19133,RRSP - Sun Life,Yes,1/1/07,0,Health_Care_Coverage_Type_Medical
19198,RRSP - Sun Life,Yes,1/1/07,0,Health_Care_Coverage_Type_Medical
19134,RRSP - Sun Life,Yes,1/1/07,0,Health_Care_Coverage_Type_Medical
19142,401(k) - Charles Schwab,Yes,1/1/11,0,Health_Care_Coverage_Type_Medical
19225,401(k) - Charles Schwab,Yes,10/4/10,0,Health_Care_Coverage_Type_Medical
19237,401(k) - Charles Schwab,Yes,6/14/11,0,Health_Care_Coverage_Type_Medical
19242,RRSP - Sun Life,Yes,8/25/11,0,Health_Care_Coverage_Type_Medical
19243,401(k) - Charles Schwab,Yes,1/5/11,0,Health_Care_Coverage_Type_Medical
19241,401(k) - Charles Schwab,Yes,3/3/10,0,Health_Care_Coverage_Type_Medical
19002,401(k) - Charles Schwab Catch-up,Yes,2/1/10,0,Health_Care_Coverage_Type_Medical
19002,401(k) - Charles Schwab Roth,Yes,2/1/10,0,Health_Care_Coverage_Type_Medical
19002,401(k) - Charles Schwab,Yes,1/1/08,0,Health_Care_Coverage_Type_Medical
19072,401(k) - Charles Schwab Roth,Yes,2/1/10,0,Health_Care_Coverage_Type_Medical
19072,401(k) - Charles Schwab,Yes,1/1/08,0,Health_Care_Coverage_Type_Medical
19238,RRSP - Sun Life,Yes,2/24/11,0,Health_Care_Coverage_Type_Medical
19250,401(k) - Charles Schwab,Yes,10/1/11,0,Health_Care_Coverage_Type_Medical
19276,RRSP - Sun Life,Yes,1/10/12,0,Health_Care_Coverage_Type_Medical
19275,RRSP - Sun Life,Yes,3/15/12,0,Health_Care_Coverage_Type_Medical
19274,RRSP - Sun Life,Yes,5/11/11,0,Health_Care_Coverage_Type_Medical
19271,401(k) - Charles Schwab Roth,Yes,6/7/11,0,Health_Care_Coverage_Type_Medical
19271,401(k) - Charles Schwab,Yes,6/7/11,0,Health_Care_Coverage_Type_Medical
19277,401(k) - Charles Schwab Roth,Yes,10/5/10,0,Health_Care_Coverage_Type_Medical
19277,401(k) - Charles Schwab,Yes,10/5/10,0,Health_Care_Coverage_Type_Medical
19257,401(k) - Charles Schwab Catch-up,Yes,1/5/10,0,Health_Care_Coverage_Type_Medical
19257,401(k) - Charles Schwab,Yes,1/5/10,0,Health_Care_Coverage_Type_Medical
19104,401(k) - Charles Schwab Roth,Yes,2/3/12,0,Health_Care_Coverage_Type_Medical
19104,401(k) - Charles Schwab,Yes,2/3/12,0,Health_Care_Coverage_Type_Medical
19247,401(k) - Charles Schwab Roth,Yes,4/13/11,0,Health_Care_Coverage_Type_Medical
19247,401(k) - Charles Schwab,Yes,4/13/11,0,Health_Care_Coverage_Type_Medical
19248,401(k) - Charles Schwab Roth,Yes,4/5/11,0,Health_Care_Coverage_Type_Medical
19248,401(k) - Charles Schwab,Yes,4/5/11,0,Health_Care_Coverage_Type_Medical
19249,401(k) - Charles Schwab,Yes,6/8/11,0,Health_Care_Coverage_Type_Medical
19003,NQDC - Charles Schwab Deferred Compensation - Regular,Yes,1/1/10,0,Health_Care_Coverage_Type_Medical
19003,401(k) - Charles Schwab,Yes,1/1/08,0,Health_Care_Coverage_Type_Medical
19004,NQDC - Charles Schwab Deferred Compensation - Regular,Yes,2/1/11,0,Health_Care_Coverage_Type_Medical
19004,401(k) - Charles Schwab,Yes,1/1/08,0,Health_Care_Coverage_Type_Medical
19086,401(k) - Charles Schwab Catch-up,Yes,8/18/09,0,Health_Care_Coverage_Type_Medical
19086,401(k) - Charles Schwab,Yes,8/18/09,0,Health_Care_Coverage_Type_Medical
19069,401(k) - Charles Schwab Catch-up,Yes,12/3/09,0,Health_Care_Coverage_Type_Medical
19069,401(k) - Charles Schwab,Yes,1/1/08,0,Health_Care_Coverage_Type_Medical
19017,401(k) - Charles Schwab Catch-up,Yes,3/6/08,0,Health_Care_Coverage_Type_Medical
19017,401(k) - Charles Schwab,Yes,1/1/08,0,Health_Care_Coverage_Type_Medical
19042,401(k) - Charles Schwab Catch-up,Yes,1/31/11,0,Health_Care_Coverage_Type_Medical
19042,401(k) - Charles Schwab,Yes,1/1/08,0,Health_Care_Coverage_Type_Medical
19060,401(k) - Charles Schwab Catch-up,Yes,9/22/10,0,Health_Care_Coverage_Type_Medical
19060,401(k) - Charles Schwab,Yes,1/1/08,0,Health_Care_Coverage_Type_Medical
19009,401(k) - Charles Schwab Catch-up,Yes,3/2/10,0,Health_Care_Coverage_Type_Medical
19009,401(k) - Charles Schwab,Yes,1/1/08,0,Health_Care_Coverage_Type_Medical
19040,401(k) - Charles Schwab Catch-up,Yes,10/12/09,0,Health_Care_Coverage_Type_Medical
19040,401(k) - Charles Schwab Roth,Yes,6/21/12,0,Health_Care_Coverage_Type_Medical
19040,401(k) - Charles Schwab,Yes,1/1/08,0,Health_Care_Coverage_Type_Medical
19028,401(k) - Charles Schwab Catch-up,Yes,4/18/12,0,Health_Care_Coverage_Type_Medical
19028,401(k) - Charles Schwab Roth,Yes,6/21/12,0,Health_Care_Coverage_Type_Medical
19028,401(k) - Charles Schwab,Yes,5/19/06,0,Health_Care_Coverage_Type_Medical
19061,401(k) - Charles Schwab Catch-up,Yes,9/2/09,0,Health_Care_Coverage_Type_Medical
19061,401(k) - Charles Schwab,Yes,1/1/08,0,Health_Care_Coverage_Type_Medical
19194,401(k) - Charles Schwab Catch-up,Yes,1/12/12,0,Health_Care_Coverage_Type_Medical
19194,401(k) - Charles Schwab Roth,Yes,1/12/12,0,Health_Care_Coverage_Type_Medical
19194,401(k) - Charles Schwab,Yes,1/12/12,0,Health_Care_Coverage_Type_Medical
19098,401(k) - Charles Schwab Catch-up,Yes,4/11/08,0,Health_Care_Coverage_Type_Medical
19098,401(k) - Charles Schwab,Yes,4/11/08,0,Health_Care_Coverage_Type_Medical
19252,Pension - New Ireland PRSA,Yes,1/16/10,0,Health_Care_Coverage_Type_Medical
19087,401(k) - Charles Schwab,Yes,10/10/11,0,Health_Care_Coverage_Type_Medical
19090,401(k) - Charles Schwab,Yes,10/4/11,0,Health_Care_Coverage_Type_Medical
19053,NQDC - Charles Schwab Deferred Compensation - Bonus,Yes,4/1/12,0,Health_Care_Coverage_Type_Medical
19053,NQDC - Charles Schwab Deferred Compensation - Regular,Yes,3/1/12,0,Health_Care_Coverage_Type_Medical
19053,401(k) - Charles Schwab,Yes,1/1/08,0,Health_Care_Coverage_Type_Medical
19005,NQDC - Charles Schwab Deferred Compensation - Bonus,Yes,4/1/12,0,Health_Care_Coverage_Type_Medical
19005,401(k) - Charles Schwab Catch-up,Yes,2/1/10,0,Health_Care_Coverage_Type_Medical
19005,401(k) - Charles Schwab,Yes,1/1/08,0,Health_Care_Coverage_Type_Medical
19290,401(k) - Charles Schwab,Yes,4/7/11,0,Health_Care_Coverage_Type_Medical
19157,401(k) - Charles Schwab,Yes,7/11/11,0,Health_Care_Coverage_Type_Medical
19082,401(k) - Charles Schwab,Yes,3/19/12,0,Health_Care_Coverage_Type_Medical
19084,401(k) - Charles Schwab,Yes,3/20/12,0,Health_Care_Coverage_Type_Medical
19092,401(k) - Charles Schwab Roth,Yes,3/19/12,0,Health_Care_Coverage_Type_Medical
19092,401(k) - Charles Schwab,Yes,3/19/12,0,Health_Care_Coverage_Type_Medical
19293,RRSP - Sun Life,Yes,3/15/11,0,Health_Care_Coverage_Type_Medical
19289,401(k) - Charles Schwab,Yes,4/4/12,0,Health_Care_Coverage_Type_Medical
19015,401(k) - Charles Schwab,Yes,1/1/08,0,Health_Care_Coverage_Type_Medical
19246,401(k) - Charles Schwab Roth,Yes,5/4/11,0,Health_Care_Coverage_Type_Medical
19246,401(k) - Charles Schwab,Yes,5/4/11,0,Health_Care_Coverage_Type_Medical
19219,Pension - Employees’ Provident Fund Organisation Provident Fund,Yes,1/4/10,0,Health_Care_Coverage_Type_Medical
19220,Pension - Employees’ Provident Fund Organisation Provident Fund,Yes,1/4/10,0,Health_Care_Coverage_Type_Medical
19182,Pension - Employees’ Provident Fund Organisation Provident Fund,Yes,1/1/00,0,Health_Care_Coverage_Type_Medical
19164,Pension - Employees’ Provident Fund Organisation Provident Fund,Yes,1/1/00,0,Health_Care_Coverage_Type_Medical
19304,Pension - ABN Amro Fund,Yes,7/11/11,0,Health_Care_Coverage_Type_Medical
19253,Pension - ABN Amro Fund,Yes,2/8/10,0,Health_Care_Coverage_Type_Medical
19270,Pension - ABN Amro Fund,Yes,1/23/12,0,Health_Care_Coverage_Type_Medical
19260,Pension - ABN Amro Fund,Yes,2/6/12,0,Health_Care_Coverage_Type_Medical
19139,RRSP - Sun Life,Yes,1/1/07,0,Health_Care_Coverage_Type_Medical
19132,RRSP - Sun Life,Yes,1/1/07,0,Health_Care_Coverage_Type_Medical
19295,RRSP - Sun Life,Yes,2/18/13,0,Health_Care_Coverage_Type_Medical
19311,RRSP - Sun Life,Yes,3/11/13,0,Health_Care_Coverage_Type_Medical
19310,RRSP - Sun Life,Yes,1/9/12,0,Health_Care_Coverage_Type_Medical
19135,RRSP - Sun Life,Yes,1/1/07,0,Health_Care_Coverage_Type_Medical
19292,RRSP - Sun Life,Yes,3/15/11,0,Health_Care_Coverage_Type_Medical
19291,RRSP - Sun Life,Yes,2/8/11,0,Health_Care_Coverage_Type_Medical
19079,RRSP - Sun Life,Yes,1/1/07,0,Health_Care_Coverage_Type_Medical
19231,RRSP - Sun Life,Yes,6/10/11,0,Health_Care_Coverage_Type_Medical
19326,RRSP - Sun Life,Yes,6/4/12,0,Health_Care_Coverage_Type_Medical
19239,Deferred Stock - Standard Life,Yes,1/1/14,0,Health_Care_Coverage_Type_Medical
19127,Deferred Stock - Standard Life,Yes,1/1/14,0,Health_Care_Coverage_Type_Medical
19129,Deferred Stock - Standard Life,Yes,1/1/14,0,Health_Care_Coverage_Type_Medical
19305,Deferred Stock - Standard Life,Yes,1/1/14,0,Health_Care_Coverage_Type_Medical
19131,Deferred Stock - Standard Life,Yes,1/1/14,0,Health_Care_Coverage_Type_Medical
19296,RRSP - Sun Life,Yes,1/18/13,0,Health_Care_Coverage_Type_Medical
19347,Pension - Standard Life Auto Enrolment (Eligible Worker),Yes,1/1/15,0,Health_Care_Coverage_Type_Medical
19346,Pension - Standard Life Auto Enrolment (Eligible Worker),Yes,1/1/15,0,Health_Care_Coverage_Type_Medical
19345,Pension - Standard Life Auto Enrolment (Eligible Worker),Yes,1/1/15,0,Health_Care_Coverage_Type_Medical
19131,Pension - Standard Life Auto Enrolment (Eligible Worker),Yes,1/1/00,0,Health_Care_Coverage_Type_Medical
19129,Pension - Standard Life Auto Enrolment (Eligible Worker),Yes,1/1/00,0,Health_Care_Coverage_Type_Medical
19266,Pension - Standard Life Auto Enrolment (Eligible Worker),Yes,7/1/14,0,Health_Care_Coverage_Type_Medical
19332,Pension - Standard Life Auto Enrolment (Eligible Worker),Yes,7/23/14,0,Health_Care_Coverage_Type_Medical
19168,Pension - Standard Life Auto Enrolment (Eligible Worker),Yes,1/1/00,0,Health_Care_Coverage_Type_Medical
19299,Pension - Standard Life Auto Enrolment (Eligible Worker),Yes,3/7/11,0,Health_Care_Coverage_Type_Medical
19244,Pension - Standard Life Auto Enrolment (Eligible Worker),Yes,1/1/15,0,Health_Care_Coverage_Type_Medical
19254,Pension - Standard Life Auto Enrolment (Eligible Worker),Yes,3/1/10,0,Health_Care_Coverage_Type_Medical
19239,Pension - Standard Life Auto Enrolment (Eligible Worker),Yes,11/15/10,0,Health_Care_Coverage_Type_Medical
19305,Pension - Standard Life Auto Enrolment (Eligible Worker),Yes,5/2/11,0,Health_Care_Coverage_Type_Medical
19173,Pension - Standard Life Auto Enrolment (Eligible Worker),Yes,1/1/15,0,Health_Care_Coverage_Type_Medical
19229,Pension - Standard Life Auto Enrolment (Eligible Worker),Yes,10/4/10,0,Health_Care_Coverage_Type_Medical
19298,Pension - Standard Life Auto Enrolment (Eligible Worker),Yes,1/1/11,0,Health_Care_Coverage_Type_Medical
19359,Pension - Standard Life Auto Enrolment (Eligible Worker),Yes,1/1/15,0,Health_Care_Coverage_Type_Medical
19358,Pension - Standard Life Auto Enrolment (Eligible Worker),Yes,1/1/15,0,Health_Care_Coverage_Type_Medical
19357,Pension - Standard Life Auto Enrolment (Eligible Worker),Yes,1/1/15,0,Health_Care_Coverage_Type_Medical
19356,Pension - Standard Life Auto Enrolment (Eligible Worker),Yes,1/1/15,0,Health_Care_Coverage_Type_Medical
19355,Pension - Standard Life Auto Enrolment (Eligible Worker),Yes,1/1/15,0,Health_Care_Coverage_Type_Medical
19354,Pension - Standard Life Auto Enrolment (Eligible Worker),Yes,1/1/15,0,Health_Care_Coverage_Type_Medical
19353,Pension - Standard Life Auto Enrolment (Eligible Worker),Yes,1/1/15,0,Health_Care_Coverage_Type_Medical
19352,Pension - Standard Life Auto Enrolment (Eligible Worker),Yes,1/1/15,0,Health_Care_Coverage_Type_Medical
19205,Pension - Standard Life Auto Enrolment (Eligible Worker),Yes,1/1/00,0,Health_Care_Coverage_Type_Medical
19351,Pension - Standard Life Auto Enrolment (Eligible Worker),Yes,1/1/15,0,Health_Care_Coverage_Type_Medical
19350,Pension - Standard Life Auto Enrolment (Eligible Worker),Yes,1/1/15,0,Health_Care_Coverage_Type_Medical
19349,Pension - Standard Life Auto Enrolment (Eligible Worker),Yes,1/1/15,0,Health_Care_Coverage_Type_Medical
19348,Pension - Standard Life Auto Enrolment (Eligible Worker),Yes,1/1/15,0,Health_Care_Coverage_Type_Medical
19153,401(k) - Charles Schwab,Yes,1/1/13,0,Health_Care_Coverage_Type_Medical
19147,401(k) - Charles Schwab,Yes,1/1/13,0,Health_Care_Coverage_Type_Medical
19152,401(k) - Charles Schwab Roth,Yes,1/1/13,0,Health_Care_Coverage_Type_Medical
19152,401(k) - Charles Schwab,Yes,1/1/14,0,Health_Care_Coverage_Type_Medical
19155,401(k) - Charles Schwab,Yes,1/1/13,0,Health_Care_Coverage_Type_Medical
19151,401(k) - Charles Schwab,Yes,1/1/13,0,Health_Care_Coverage_Type_Medical
19156,401(k) - Charles Schwab Roth,Yes,1/1/13,0,Health_Care_Coverage_Type_Medical
19156,401(k) - Charles Schwab,Yes,1/1/13,0,Health_Care_Coverage_Type_Medical
19150,401(k) - Charles Schwab Roth,Yes,1/1/15,0,Health_Care_Coverage_Type_Medical
19150,401(k) - Charles Schwab,Yes,1/1/13,0,Health_Care_Coverage_Type_Medical
19154,401(k) - Charles Schwab Catch-up,Yes,1/1/13,0,Health_Care_Coverage_Type_Medical
19154,401(k) - Charles Schwab,Yes,1/1/13,0,Health_Care_Coverage_Type_Medical
19148,401(k) - Charles Schwab Catch-up,Yes,1/1/14,0,Health_Care_Coverage_Type_Medical
19148,401(k) - Charles Schwab,Yes,1/1/14,0,Health_Care_Coverage_Type_Medical
19106,Defined Contribution - Charles Schwab Puerto Rico,Yes,1/1/16,0,Health_Care_Coverage_Type_Medical
19376,Defined Contribution - Bank of Tokyo Mitsubishi UFJ,Yes,10/10/14,0,Health_Care_Coverage_Type_Medical
19185,Defined Contribution - Bank of Tokyo Mitsubishi UFJ,Yes,1/10/00,0,Health_Care_Coverage_Type_Medical
19125,Defined Contribution - Bank of Tokyo Mitsubishi UFJ,Yes,1/10/00,0,Health_Care_Coverage_Type_Medical
19122,Defined Contribution - Bank of Tokyo Mitsubishi UFJ,Yes,1/10/00,0,Health_Care_Coverage_Type_Medical
19279,Defined Contribution - Bank of Tokyo Mitsubishi UFJ,Yes,4/19/12,0,Health_Care_Coverage_Type_Medical
19378,Defined Contribution - Bank of Tokyo Mitsubishi UFJ,Yes,3/13/15,0,Health_Care_Coverage_Type_Medical
19284,Pension - Standard Life Auto Enrolment (Eligible Worker),Yes,12/6/10,0,Health_Care_Coverage_Type_Medical
19127,Pension - Standard Life Auto Enrolment (Eligible Worker),Yes,1/1/00,0,Health_Care_Coverage_Type_Medical
19180,Pension - Standard Life Auto Enrolment (Eligible Worker),Yes,1/1/00,0,Health_Care_Coverage_Type_Medical
19077,Swedish - Löneväxling Base Salary,Yes,1/1/17,0,Health_Care_Coverage_Type_Medical
19444,Pension - New Ireland PRSA,Yes,1/1/16,0,Health_Care_Coverage_Type_Medical
19169,Pension - Standard Life Auto Enrolment (Eligible Worker),Yes,1/1/00,0,Health_Care_Coverage_Type_Medical
19167,Pension - Standard Life Auto Enrolment (Eligible Worker),Yes,1/1/00,0,Health_Care_Coverage_Type_Medical
19227,Pension - Standard Life Auto Enrolment (Eligible Worker),Yes,6/14/10,0,Health_Care_Coverage_Type_Medical
19476,Defined Contribution - Bank of Tokyo Mitsubishi UFJ,Yes,1/1/16,0,Health_Care_Coverage_Type_Medical
19481,Pension - ABN Amro Fund,Yes,7/6/20,0,Health_Care_Coverage_Type_Medical
19482,Pension - ABN Amro Fund,Yes,7/6/20,0,Health_Care_Coverage_Type_Medical
19483,Pension - ABN Amro Fund,Yes,7/6/20,0,Health_Care_Coverage_Type_Medical
19485,Pension - ABN Amro Fund,Yes,7/6/20,0,Health_Care_Coverage_Type_Medical
19486,Pension - ABN Amro Fund,Yes,7/6/20,0,Health_Care_Coverage_Type_Medical
19491,New Zealand Pension - NZL Government Kiwi Saver,Yes,2/4/18,0,Health_Care_Coverage_Type_Medical
19492,New Zealand Pension - NZL Government Kiwi Saver,Yes,4/2/20,0,Health_Care_Coverage_Type_Medical
19493,New Zealand Pension - NZL Government Kiwi Saver,Yes,4/20/20,0,Health_Care_Coverage_Type_Medical
19288,New Zealand Pension - NZL Government Kiwi Saver,Yes,5/28/12,0,Health_Care_Coverage_Type_Medical
19316,New Zealand Pension - NZL Government Kiwi Saver,Yes,2/25/13,0,Health_Care_Coverage_Type_Medical
19494,New Zealand Pension - NZL Government Kiwi Saver,Yes,8/1/20,0,Health_Care_Coverage_Type_Medical
19490,New Zealand Pension - NZL Government Kiwi Saver,Yes,6/15/16,0,Health_Care_Coverage_Type_Medical
19497,New Zealand Pension - NZL Government Kiwi Saver,Yes,4/20/20,0,Health_Care_Coverage_Type_Medical
19498,New Zealand Pension - NZL Government Kiwi Saver,Yes,4/1/20,0,Health_Care_Coverage_Type_Medical
19499,New Zealand Pension - NZL Government Kiwi Saver,Yes,5/1/20,0,Health_Care_Coverage_Type_Medical
19387,Health Savings Account - Sun Life,Yes,1/1/15,0,Health_Care_Coverage_Type_Medical
19386,Health Savings Account - Sun Life,Yes,1/1/15,0,Health_Care_Coverage_Type_Medical
19385,Health Savings Account - Sun Life,Yes,1/1/15,0,Health_Care_Coverage_Type_Medical
19384,Health Savings Account - Sun Life,Yes,1/1/15,0,Health_Care_Coverage_Type_Medical
19383,Health Savings Account - Sun Life,Yes,1/1/15,0,Health_Care_Coverage_Type_Medical
19296,Health Savings Account - Sun Life,Yes,1/16/15,0,Health_Care_Coverage_Type_Medical
19020,Gym Membership - Club One,Yes,1/1/10,20,Health_Care_Coverage_Type_Medical
19117,Gym Membership - Club One,Yes,2/1/10,20,Health_Care_Coverage_Type_Medical
19002,Gym Membership - Club One,Yes,2/1/10,20,Health_Care_Coverage_Type_Medical
19111,Gym Membership - Club One,Yes,2/1/10,20,Health_Care_Coverage_Type_Medical
19191,Gym Membership - Club One,Yes,2/1/10,20,Health_Care_Coverage_Type_Medical
19012,Commuter Spending - SHPS Transit Account,Yes,2/1/10,0,Health_Care_Coverage_Type_Medical
19008,Commuter Spending - SHPS Transit Account,Yes,2/1/10,0,Health_Care_Coverage_Type_Medical
19008,Commuter Spending - SHPS Parking Account,Yes,2/1/10,0,Health_Care_Coverage_Type_Medical
19001,Commuter Spending - SHPS Parking Account,Yes,2/1/10,0,Health_Care_Coverage_Type_Medical
19117,Commuter Spending - SHPS Transit Account,Yes,2/1/10,0,Health_Care_Coverage_Type_Medical
19109,Commuter Spending - SHPS Transit Account,Yes,2/1/10,0,Health_Care_Coverage_Type_Medical
19103,Commuter Spending - SHPS Parking Account,Yes,3/1/10,0,Health_Care_Coverage_Type_Medical
19073,Commuter Spending - SHPS Transit Account,Yes,2/1/10,0,Health_Care_Coverage_Type_Medical
19072,Commuter Spending - SHPS Parking Account,Yes,2/1/10,0,Health_Care_Coverage_Type_Medical
19075,Commuter Spending - SHPS Parking Account,Yes,3/1/10,0,Health_Care_Coverage_Type_Medical
19020,Commuter Spending - SHPS Transit Account,Yes,3/1/10,0,Health_Care_Coverage_Type_Medical
19119,Commuter Spending - SHPS Transit Account,Yes,4/1/10,0,Health_Care_Coverage_Type_Medical
19119,Commuter Spending - SHPS Parking Account,Yes,4/1/10,0,Health_Care_Coverage_Type_Medical
19030,Commuter Spending - SHPS Transit Account,Yes,4/1/10,0,Health_Care_Coverage_Type_Medical
19108,Commuter Spending - SHPS Transit Account,Yes,4/1/10,0,Health_Care_Coverage_Type_Medical
19017,Commuter Spending - SHPS Transit Account,Yes,4/1/10,0,Health_Care_Coverage_Type_Medical
19112,Commuter Spending - SHPS Transit Account,Yes,3/1/10,0,Health_Care_Coverage_Type_Medical
19112,Commuter Spending - SHPS Parking Account,Yes,3/1/10,0,Health_Care_Coverage_Type_Medical
19118,Commuter Spending - SHPS Transit Account,Yes,3/1/10,0,Health_Care_Coverage_Type_Medical
19037,Commuter Spending - SHPS Transit Account,Yes,4/1/10,0,Health_Care_Coverage_Type_Medical
19042,Gym Membership - Club One,Yes,2/1/10,20,Health_Care_Coverage_Type_Medical
19042,Commuter Spending - SHPS Transit Account,Yes,7/1/10,0,Health_Care_Coverage_Type_Medical
19015,Gym Membership - Club One,Yes,10/1/10,20,Health_Care_Coverage_Type_Medical
19046,Commuter Spending - SHPS Transit Account,Yes,6/1/10,0,Health_Care_Coverage_Type_Medical
19105,Gym Membership - Club One,Yes,3/1/10,20,Health_Care_Coverage_Type_Medical
19105,Commuter Spending - SHPS Transit Account,Yes,9/1/10,0,Health_Care_Coverage_Type_Medical
19001,Gym Membership - Club One,Yes,4/1/10,20,Health_Care_Coverage_Type_Medical
19255,Commuter Spending - Swebus Bus Pass,Yes,1/1/15,25,Health_Care_Coverage_Type_Medical
19255,Gym Membership - World Class Fitness,Yes,1/1/15,350,Health_Care_Coverage_Type_Medical
19306,Commuter Spending - Swebus Bus Pass,Yes,1/1/15,25,Health_Care_Coverage_Type_Medical
19306,Gym Membership - World Class Fitness,Yes,1/1/15,350,Health_Care_Coverage_Type_Medical
19302,Commuter Spending - Swebus Bus Pass,Yes,1/1/15,25,Health_Care_Coverage_Type_Medical
19302,Gym Membership - World Class Fitness,Yes,1/1/15,350,Health_Care_Coverage_Type_Medical
19077,Commuter Spending - Swebus Bus Pass,Yes,1/1/15,25,Health_Care_Coverage_Type_Medical
19077,Gym Membership - World Class Fitness,Yes,1/1/15,350,Health_Care_Coverage_Type_Medical
19126,Commuter Spending - Swebus Bus Pass,Yes,1/1/15,25,Health_Care_Coverage_Type_Medical
19126,Gym Membership - World Class Fitness,Yes,1/1/15,350,Health_Care_Coverage_Type_Medical
19263,Commuter Spending - Swebus Bus Pass,Yes,1/1/15,25,Health_Care_Coverage_Type_Medical
19263,Gym Membership - World Class Fitness,Yes,1/1/15,350,Health_Care_Coverage_Type_Medical
19390,Commuter Spending - Swebus Bus Pass,Yes,1/1/15,25,Health_Care_Coverage_Type_Medical
19390,Gym Membership - World Class Fitness,Yes,1/1/15,350,Health_Care_Coverage_Type_Medical
19391,Commuter Spending - Swebus Bus Pass,Yes,1/1/15,25,Health_Care_Coverage_Type_Medical
19391,Gym Membership - World Class Fitness,Yes,1/1/15,350,Health_Care_Coverage_Type_Medical
19416,Commuter Spending - Swebus Bus Pass,Yes,1/1/16,25,Health_Care_Coverage_Type_Medical
19419,Commuter Spending - SHPS Transit Account,Yes,4/1/15,0,Health_Care_Coverage_Type_Medical
19430,Commuter Spending - SHPS Parking Account,Yes,2/1/14,0,Health_Care_Coverage_Type_Medical
19430,Gym Membership - Club One,Yes,2/1/14,20,Health_Care_Coverage_Type_Medical
19431,Commuter Spending - SHPS Parking Account,Yes,6/1/16,0,Health_Care_Coverage_Type_Medical
19431,Gym Membership - Club One,Yes,6/1/16,20,Health_Care_Coverage_Type_Medical
19432,Commuter Spending - Swebus Bus Pass,Yes,10/31/16,25,Health_Care_Coverage_Type_Medical
19284,Charitable Giving - Pennies from Heaven,Yes,4/1/16,0,Health_Care_Coverage_Type_Medical
19127,Charitable Giving - Pennies from Heaven,Yes,4/1/16,0,Health_Care_Coverage_Type_Medical
19180,Charitable Giving - Pennies from Heaven,Yes,4/1/16,0,Health_Care_Coverage_Type_Medical
19303,Meal Vouchers - Edenred Ticket Restaurant,Yes,1/1/16,1232.8,Health_Care_Coverage_Type_Medical
19403,Meal Vouchers - Edenred Ticket Restaurant,Yes,1/1/16,1232.8,Health_Care_Coverage_Type_Medical
19405,Meal Vouchers - Edenred Ticket Restaurant,Yes,1/1/16,1232.8,Health_Care_Coverage_Type_Medical
19404,Meal Vouchers - Edenred Ticket Restaurant,Yes,1/1/16,1232.8,Health_Care_Coverage_Type_Medical
19297,Meal Vouchers - Edenred Ticket Restaurant,Yes,1/1/16,1232.8,Health_Care_Coverage_Type_Medical
19407,Meal Vouchers - Edenred Ticket Restaurant,Yes,1/1/16,1232.8,Health_Care_Coverage_Type_Medical
19178,Meal Vouchers - Edenred Ticket Restaurant,Yes,1/1/16,1232.8,Health_Care_Coverage_Type_Medical
19396,Meal Vouchers - Edenred Ticket Restaurant,Yes,1/1/16,1232.8,Health_Care_Coverage_Type_Medical
19401,Meal Vouchers - Edenred Ticket Restaurant,Yes,1/1/16,1232.8,Health_Care_Coverage_Type_Medical
19374,Meal Vouchers - Edenred Ticket Restaurant,Yes,1/1/16,1232.8,Health_Care_Coverage_Type_Medical
19301,Meal Vouchers - Edenred Ticket Restaurant,Yes,1/1/16,1232.8,Health_Care_Coverage_Type_Medical
19307,Meal Vouchers - Edenred Ticket Restaurant,Yes,1/1/16,1232.8,Health_Care_Coverage_Type_Medical
19408,Meal Vouchers - Edenred Ticket Restaurant,Yes,1/1/16,1232.8,Health_Care_Coverage_Type_Medical
19409,Meal Vouchers - Edenred Ticket Restaurant,Yes,1/1/16,1232.8,Health_Care_Coverage_Type_Medical
19398,Meal Vouchers - Edenred Ticket Restaurant,Yes,1/1/16,1232.8,Health_Care_Coverage_Type_Medical
19393,Meal Vouchers - Edenred Ticket Restaurant,Yes,1/1/16,1232.8,Health_Care_Coverage_Type_Medical
19397,Meal Vouchers - Edenred Ticket Restaurant,Yes,1/1/16,1232.8,Health_Care_Coverage_Type_Medical
19402,Meal Vouchers - Edenred Ticket Restaurant,Yes,1/1/16,1232.8,Health_Care_Coverage_Type_Medical
19395,Meal Vouchers - Edenred Ticket Restaurant,Yes,1/1/16,1232.8,Health_Care_Coverage_Type_Medical
19300,Meal Vouchers - Edenred Ticket Restaurant,Yes,1/1/16,1232.8,Health_Care_Coverage_Type_Medical
19400,Meal Vouchers - Edenred Ticket Restaurant,Yes,1/1/16,1232.8,Health_Care_Coverage_Type_Medical
19392,Meal Vouchers - Edenred Ticket Restaurant,Yes,1/1/16,1232.8,Health_Care_Coverage_Type_Medical
19394,Meal Vouchers - Edenred Ticket Restaurant,Yes,1/1/16,1232.8,Health_Care_Coverage_Type_Medical
19435,Commuter Spending - Swebus Bus Pass,Yes,2/1/16,25,Health_Care_Coverage_Type_Medical
19427,Meal Vouchers - Sodexo Meal Tickets,Yes,3/1/17,2178,Health_Care_Coverage_Type_Medical
19167,Charitable Giving - Pennies from Heaven,Yes,4/1/16,0,Health_Care_Coverage_Type_Medical
19333,Fringe Benefits - Global Modern Services betriebliche Altersversorung (bAV),Yes,7/21/14,0,Health_Care_Coverage_Type_Medical
19333,Fringe Benefits - Global Modern Services Unfallversicherung,Yes,7/21/14,0,Health_Care_Coverage_Type_Medical
19448,Fringe Benefits - Global Modern Services Fitness-Club Mitgliedschaft,Yes,5/1/17,0,Health_Care_Coverage_Type_Medical
19448,Fringe Benefits - Global Modern Services betriebliche Altersversorung (bAV),Yes,5/1/17,0,Health_Care_Coverage_Type_Medical
19448,Fringe Benefits - Global Modern Services Unfallversicherung,Yes,5/1/17,0,Health_Care_Coverage_Type_Medical
19452,Fringe Benefits - Global Modern Services Unfallversicherung,Yes,6/1/17,0,Health_Care_Coverage_Type_Medical
19334,Fringe Benefits - Global Modern Services Fitness-Club Mitgliedschaft,Yes,7/21/14,0,Health_Care_Coverage_Type_Medical
19334,Fringe Benefits - Global Modern Services Unfallversicherung,Yes,7/21/14,0,Health_Care_Coverage_Type_Medical
19186,Meal Vouchers - Edenred Meal Coupons,Yes,1/1/00,2641.15,Health_Care_Coverage_Type_Medical
19138,Meal Vouchers - Edenred Meal Coupons,Yes,1/1/00,2641.15,Health_Care_Coverage_Type_Medical
19137,Meal Vouchers - Edenred Meal Coupons,Yes,1/1/00,2641.15,Health_Care_Coverage_Type_Medical
19208,Meal Vouchers - Edenred Meal Coupons,Yes,1/1/00,2641.15,Health_Care_Coverage_Type_Medical
19187,Meal Vouchers - Edenred Meal Coupons,Yes,1/1/00,2641.15,Health_Care_Coverage_Type_Medical
19136,Meal Vouchers - Edenred Meal Coupons,Yes,1/1/00,2641.15,Health_Care_Coverage_Type_Medical