"Location ID","Effective Date","Location Name","Location Usage",Superior Location,Inactive,Latitude,Longitude,Altitude,Time Profile,Locale,Time Zone,Default Currency,Effective Date,Country,Address Line Type,Address Line Data,Municipality,Submunicipality Type,Submunicipality Data,Country Region,Subregion Type,Subregion Data,Postal Code,Public,Primary,Type,Use For,Municipality Local,Country ISO Code,International Phone Code,Phone Number,Phone Extension,Device Type,Public,Primary,Type,Use For
Kuala_Lumpur,2020-01-01,Kuala Lumpur,BUSINESS ASSET,,n,3.162284,101.710396,0,Standard_Hours_40,ms_MY,Asia/Kuala_Lumpur,MYR,2020-01-01,MY,ADDRESS_LINE_1,Petronas Twin Towers,Kuala Lumpur City Centre,,,MYS-14,,,50088,y,y,BUSINESS,BILLING,,MYS,60,60320551830,,Fax,y,n,BUSINESS,BILLING
,,,BUSINESS SITE,,,,,,,,,,,,ADDRESS_LINE_2,"P.O. Box 120, Level 42, Tower 1",,,,,,,,,,,SHIPPING,,,,,,,,,,SHIPPING
,,,,,,,,,,,,,,,,,,,,,,,,,,,REMIT,,,,,,,,,,REMIT
,,,,,,,,,,,,,,,,,,,,,,,,,,,,,MYS,60,60320551829,,Landline,y,y,BUSINESS,BILLING
,,,,,,,,,,,,,,,,,,,,,,,,,,,,,,,,,,,,,SHIPPING
,,,,,,,,,,,,,,,,,,,,,,,,,,,,,,,,,,,,,REMIT
Toronto,2020-01-01,Toronto,BUSINESS ASSET,,n,43.647473,-79.378238,0,Standard_Hours_40,en_CA,US/Eastern,CAD,2020-01-01,CA,ADDRESS_LINE_1,181 Bay Street,Toronto,,,CAN-ON,,,M5J 2T3,y,y,BUSINESS,BILLING,,CAN,1,4165725038,,Fax,y,n,BUSINESS,BILLING
,,,BUSINESS SITE,,,,,,,,,,,,ADDRESS_LINE_2,30th Floor,,,,,,,,,,,SHIPPING,,,,,,,,,,SHIPPING
,,,EXTENDED ENTERPRISE AFFILIATION,,,,,,,,,,,,,,,,,,,,,,,,REMIT,,,,,,,,,,REMIT
,,,,,,,,,,,,,,,,,,,,,,,,,,,,,CAN,1,2505550199,,Landline,y,y,BUSINESS,BILLING
,,,,,,,,,,,,,,,,,,,,,,,,,,,,,,,,,,,,,SHIPPING
,,,,,,,,,,,,,,,,,,,,,,,,,,,,,,,,,,,,,REMIT
Hong_Kong,2020-01-01,Hong Kong,BUSINESS ASSET,,n,22.281234,114.154601,0,Standard_Hours_40,zh_HK,Asia/Hong_Kong,HKD,2020-01-01,HK,ADDRESS_LINE_1,28W The Centrium,Hong Kong,,,,,,,y,y,BUSINESS,BILLING,,HKG,852,2101-8201,,Fax,y,n,BUSINESS,BILLING
,,,BUSINESS SITE,,,,,,,,,,,,ADDRESS_LINE_2,60 Wyndham Street,,,,,,,,,,,SHIPPING,,,,,,,,,,SHIPPING
,,,,,,,,,,,,,,,ADDRESS_LINE_3,Central Hong Kong,,,,,,,,,,,REMIT,,,,,,,,,,REMIT
,,,,,,,,,,,,,,,,,,,,,,,,,,,,,HKG,852,2101-8200,,Landline,y,y,BUSINESS,BILLING
,,,,,,,,,,,,,,,,,,,,,,,,,,,,,,,,,,,,,SHIPPING
,,,,,,,,,,,,,,,,,,,,,,,,,,,,,,,,,,,,,REMIT
Home_Office_USA,2020-01-01,Home Office (USA),BUSINESS ASSET,,n,0,0,0,Standard_Hours_40,en_US,US/Pacific,USD,2020-01-01,US,ADDRESS_LINE_1,123 Main Street,Anytown,,,USA-CA,,,94065,y,y,BUSINESS,,,USA,1,800555-1212,,Landline,y,y,BUSINESS,
,,,BUSINESS SITE,,,,,,,,,,,,,,,,,,,,,,,,,,,,,,,,,,
,,,PAYROLL TAX,,,,,,,,,,,,,,,,,,,,,,,,,,,,,,,,,,
Mumbai,2020-01-01,Mumbai,BUSINESS ASSET,,n,19.029848,72.837853,0,Standard_Hours_40,en_IN,IST,INR,2020-01-01,IN,ADDRESS_LINE_1,"No. 81, Dev Kunj",Mumbai,,,IND-MH,,,400028,y,y,BUSINESS,BILLING,,IND,91,2244365522,,Fax,y,n,BUSINESS,BILLING
,,,BUSINESS SITE,,,,,,,,,,,,ADDRESS_LINE_2,Veer Savarkar Marg,,,,,,,,,,,SHIPPING,,,,,,,,,,SHIPPING
,,,,,,,,,,,,,,,ADDRESS_LINE_3,Shivaji Park,,,,,,,,,,,REMIT,,,,,,,,,,REMIT
,,,,,,,,,,,,,,,,,,,,,,,,,,,,,IND,91,2244365511,,Landline,y,y,BUSINESS,BILLING
,,,,,,,,,,,,,,,,,,,,,,,,,,,,,,,,,,,,,SHIPPING
,,,,,,,,,,,,,,,,,,,,,,,,,,,,,,,,,,,,,REMIT
Manila,2020-01-01,Manila,BUSINESS ASSET,,n,14.559431,121.01758,0,Standard_Hours_40,en_PH,Asia/Kuala_Lumpur,PHP,2020-01-01,PH,ADDRESS_LINE_4,6767,Makati City,,,,,,1226,y,y,BUSINESS,BILLING,,PHL,63,28134967,,Landline,y,y,BUSINESS,BILLING
,,,BUSINESS SITE,,,,,,,,,,,,ADDRESS_LINE_1,Ayala Avenue,,,,,,,,,,,SHIPPING,,,,,,,,,,SHIPPING
,,,,,,,,,,,,,,,,,,,,,,,,,,,REMIT,,,,,,,,,,REMIT
,,,,,,,,,,,,,,,,,,,,,,,,,,,,,PHL,63,27527529,,Fax,y,n,BUSINESS,BILLING
,,,,,,,,,,,,,,,,,,,,,,,,,,,,,,,,,,,,,SHIPPING
,,,,,,,,,,,,,,,,,,,,,,,,,,,,,,,,,,,,,REMIT
Milan,2020-01-01,Milan,BUSINESS ASSET,,n,45.471056,9.191823,0,Standard_Hours_35,it_IT,Europe/Paris,EUR,2020-01-01,IT,ADDRESS_LINE_1,Via Borgonuovo,Milan,,,ITA-MI,,,20121,y,y,BUSINESS,STREET,,ITA,39,0229.00.24.24,,Fax,y,n,BUSINESS,BILLING
,,,BUSINESS SITE,,,,,,,,,,,,ADDRESS_LINE_4,2,,,,,,,,,,,BILLING,,,,,,,,,,SHIPPING
,,,,,,,,,,,,,,,,,,,,,,,,,,,SHIPPING,,,,,,,,,,REMIT
,,,,,,,,,,,,,,,,,,,,,,,,,,,REMIT,,ITA,39,0229.00.23.23,,Landline,y,y,BUSINESS,BILLING
,,,,,,,,,,,,,,,,,,,,,,,,,,,,,,,,,,,,,SHIPPING
,,,,,,,,,,,,,,,,,,,,,,,,,,,,,,,,,,,,,REMIT
So_Paulo,2020-01-01,São Paulo,BUSINESS ASSET,,n,-23.525549,-46.675994,0,Standard_Hours_35,pt_BR,America/Recife,BRL,2020-01-01,BR,ADDRESS_LINE_1,Avenida Francisco Matarazzo,São Paulo,,,BRA-SP,,,05001-000,y,y,BUSINESS,STREET,,BRA,55,113675-2010,,Fax,y,n,BUSINESS,SHIPPING
,,,BUSINESS SITE,,,,,,,,,,,,ADDRESS_LINE_3,1400,,,,,,,,,,,BILLING,,BRA,55,113675-2000,,Landline,y,y,BUSINESS,BILLING
,,,,,,,,,,,,,,,,,,,,,,,,,,,SHIPPING,,,,,,,,,,SHIPPING
,,,,,,,,,,,,,,,,,,,,,,,,,,,REMIT,,,,,,,,,,REMIT
Shanghai,2020-01-01,Shanghai,BUSINESS ASSET,,n,31.239224,121.505184,0,Standard_Hours_40,zh_CN,CTT,CNY,2020-01-01,CN,ADDRESS_LINE_1,88 Century Boulevard,Shanghai,CITY_SUBDIVISION_1,Pudong,CHN-31,,,200121,y,y,BUSINESS,BILLING,,CHN,86,216101-8802,,Fax,y,n,BUSINESS,SHIPPING
,,,BUSINESS SITE,,,,,,,,,,,,ADDRESS_LINE_2,"52nd Floor, Jin Mao Tower",,,,,,,,,,,SHIPPING,,CHN,86,216101-8801,,Landline,y,y,BUSINESS,BILLING
,,,,,,,,,,,,,,,,,,,,,,,,,,,REMIT,,,,,,,,,,SHIPPING
,,,,,,,,,,,,,,,,,,,,,,,,,,,,,,,,,,,,,REMIT
Paris,2020-01-01,Paris,BUSINESS ASSET,,n,48.870445,2.29228,0,Standard_Hours_35,fr_FR,Europe/Paris,EUR,2020-01-01,FR,ADDRESS_LINE_3,38,Paris,,,FRA-75,,,75116,y,y,BUSINESS,STREET,,FRA,33,185200200,,Landline,y,y,BUSINESS,SHIPPING
,,,BUSINESS SITE,,,,,,,,,,,,ADDRESS_LINE_1,Avenue Kléber,,,,,,,,,,,SHIPPING,,FRA,33,185200201,,Fax,y,n,BUSINESS,SHIPPING
,,,EXTENDED ENTERPRISE AFFILIATION,,,,,,,,,,,,,,,,,,,,,,,,MAILING,,,,,,,,,,
Nice,2020-01-01,Nice,BUSINESS ASSET,,n,43.667934,7.213898,0,Standard_Hours_35,fr_FR,Europe/Paris,EUR,2020-01-01,FR,ADDRESS_LINE_3,455,Nice,,,FRA-6,,,6000,y,y,BUSINESS,STREET,,FRA,33,0482 44 01 00,,Landline,y,y,BUSINESS,SHIPPING
,,,BUSINESS SITE,,,,,,,,,,,,ADDRESS_LINE_1,Promenade des Anglais,,,,,,,,,,,SHIPPING,,FRA,33,0482 44 01 01,,Fax,y,n,BUSINESS,
,,,,,,,,,,,,,,,,,,,,,,,,,,,MAILING,,,,,,,,,,
Amsterdam,2020-01-01,Amsterdam,BUSINESS ASSET,,n,52.378533,4.888144,0,Standard_Hours_40,nl_NL,Europe/Amsterdam,EUR,2020-01-01,NL,ADDRESS_LINE_1,Keizersgracht,Amsterdam,,,NLD-NH,,,1015 NI,y,y,BUSINESS,STREET,,NLD,31,020537-1900,,Landline,y,y,BUSINESS,SHIPPING
,,,BUSINESS SITE,,,,,,,,,,,,ADDRESS_LINE_3,62,,,,,,,,,,,SHIPPING,,NLD,31,020537-1901,,Fax,y,n,BUSINESS,
,,,,,,,,,,,,,,,,,,,,,,,,,,,MAILING,,,,,,,,,,
Tokyo,2020-01-01,Tokyo,BUSINESS ASSET,,n,35.652833,139.71056,0,Standard_Hours_40,ja_JP,JST,JPY,2020-01-01,JP,ADDRESS_LINE_1_LOCAL,恵比寿南1-7,Shibuya-ku,,,JPN-13,,,150-0022,y,y,BUSINESS,STREET,渋谷区,JPN,81,334361111,,Landline,y,y,BUSINESS,SHIPPING
,,,BUSINESS SITE,,,,,,,,,,,,ADDRESS_LINE_5_LOCAL,恵比寿タワー22F,,,,,,,,,,,SHIPPING,,JPN,81,334361112,,Fax,y,n,BUSINESS,
,,,EXTENDED ENTERPRISE AFFILIATION,,,,,,,,,,,,ADDRESS_LINE_2_LOCAL,シブヤク,,,,,,,,,,,MAILING,,,,,,,,,,
,,,,,,,,,,,,,,,ADDRESS_LINE_4_LOCAL,エビスミナミ,,,,,,,,,,,,,,,,,,,,,
,,,,,,,,,,,,,,,ADDRESS_LINE_1,1-7 Ebisuminami,,,,,,,,,,,,,,,,,,,,,
,,,,,,,,,,,,,,,ADDRESS_LINE_2,Yebisu Tower 22F,,,,,,,,,,,,,,,,,,,,,
Montreal,2020-01-01,Montreal,BUSINESS ASSET,,n,45.51809,-73.558939,0,Standard_Hours_40,fr_CA,US/Eastern,CAD,2020-01-01,CA,ADDRESS_LINE_1,1001 de Maisonneuve Blvd. East,Montreal,,,CAN-QC,,,H2L 4P9,y,y,BUSINESS,STREET,,CAN,1,514849-1002,,Fax,y,n,BUSINESS,SHIPPING
,,,BUSINESS SITE,,,,,,,,,,,,ADDRESS_LINE_2,Suite 999,,,,,,,,,,,SHIPPING,,CAN,1,514849-1001,,Landline,y,y,BUSINESS,SHIPPING
,,,,,,,,,,,,,,,,,,,,,,,,,,,MAILING,,,,,,,,,,
Sydney,2020-01-01,Sydney,BUSINESS ASSET,,n,-33.872001,151.203997,0,Standard_Hours_38,en_AU,Australia/Sydney,AUD,2020-01-01,AU,ADDRESS_LINE_1,211 Sussex Street,Sydney,,,AUS-NSW,,,2000,y,y,BUSINESS,STREET,,AUS,61,282224021,,Fax,y,n,BUSINESS,BILLING
,,,BUSINESS SITE,,,,,,,,,,,,,,,,,,,,,,,,SHIPPING,,,,,,,,,,SHIPPING
,,,EXTENDED ENTERPRISE AFFILIATION,,,,,,,,,,,,,,,,,,,,,,,,MAILING,,,,,,,,,,REMIT
,,,,,,,,,,,,,,,,,,,,,,,,,,,,,AUS,61,282224020,,Landline,y,y,BUSINESS,BILLING
,,,,,,,,,,,,,,,,,,,,,,,,,,,,,,,,,,,,,SHIPPING
,,,,,,,,,,,,,,,,,,,,,,,,,,,,,,,,,,,,,REMIT
London,2020-01-01,London,BUSINESS ASSET,,n,51.507527,-0.126836,0,Standard_Hours_40,en_GB,Europe/London,GBP,2020-01-01,GB,ADDRESS_LINE_1,2-3 Northumberland Avenue,London,,,,,,WC2N,y,y,BUSINESS,STORAGE,,GBR,44,2073331415,,Fax,y,n,BUSINESS,SHIPPING
,,,BUSINESS SITE,,,,,,,,,,,,,,,,,,,,,,,,STREET,,GBR,44,2073331414,,Landline,y,y,BUSINESS,SHIPPING
,,,EXTENDED ENTERPRISE AFFILIATION,,,,,,,,,,,,,,,,,,,,,,,,SHIPPING,,,,,,,,,,
,,,,,,,,,,,,,,,,,,,,,,,,,,,MAILING,,,,,,,,,,
Mexico_City,2020-01-01,Mexico City,BUSINESS ASSET,,n,19.427137,-99.194934,0,Standard_Hours_40,es_MX,Mexico/General,MXN,2020-01-01,MX,ADDRESS_LINE_1,Andrés Bello 29,Alcaldia Miguel Hidalgo,CITY_SUBDIVISION_1,Colonia Polanco,MEX-CMX,,,11550,y,y,BUSINESS,STORAGE,,MEX,52,5551514001,,Fax,y,n,BUSINESS,
,,,BUSINESS SITE,,,,,,,,,,,,,,,,,,,,,,,,STREET,,MEX,52,5551514000,,Landline,y,y,BUSINESS,
,,,EXTENDED ENTERPRISE AFFILIATION,,,,,,,,,,,,,,,,,,,,,,,,SHIPPING,,,,,,,,,,
,,,,,,,,,,,,,,,,,,,,,,,,,,,MAILING,,,,,,,,,,
Vancouver,2020-01-01,Vancouver,BUSINESS ASSET,,n,49.28354,-123.119037,0,Standard_Hours_40,en_CA,US/Pacific,CAD,2020-01-01,CA,ADDRESS_LINE_1,"800 West Georgia Street, Suite 1801",Vancouver,,,CAN-BC,,,V6C 3H1,y,y,BUSINESS,STREET,,CAN,1,604787-8201,,Fax,y,n,BUSINESS,
,,,BUSINESS SITE,,,,,,,,,,,,,,,,,,,,,,,,SHIPPING,,CAN,1,604787-8200,,Landline,y,y,BUSINESS,
Singapore,2020-01-01,Singapore,BUSINESS ASSET,,n,1.299022,103.860111,0,Standard_Hours_40,en_SG,Asia/Singapore,SGD,2020-01-01,SG,ADDRESS_LINE_3,5,Singapore,,,,,,38985,y,y,BUSINESS,STORAGE,,SGP,65,6625.8802,,Fax,y,n,BUSINESS,
,,,BUSINESS SITE,,,,,,,,,,,,ADDRESS_LINE_1,Temasek Boulevard,,,,,,,,,,,STREET,,SGP,65,6625.8801,,Landline,y,y,BUSINESS,
,,,,,,,,,,,,,,,ADDRESS_LINE_7,Suntec Tower,,,,,,,,,,,SHIPPING,,,,,,,,,,
Barcelona,2020-01-01,Barcelona,BUSINESS ASSET,,n,41.392248,2.161968,0,Standard_Hours_35,es_ES,Europe/Paris,EUR,2020-01-01,ES,ADDRESS_LINE_1,Rambla de Catalunya 79 5º,Barcelona,,,ESP-B,,,8007,y,y,BUSINESS,STREET,,ESP,34,93205.01.01,,Fax,y,n,BUSINESS,
,,,BUSINESS SITE,,,,,,,,,,,,,,,,,,,,,,,,SHIPPING,,ESP,34,93205.01.00,,Landline,y,y,BUSINESS,
,,,,,,,,,,,,,,,,,,,,,,,,,,,MAILING,,,,,,,,,,
Stockholm,2020-01-01,Stockholm,BUSINESS ASSET,,n,59.337808,18.070128,0,Standard_Hours_40,sv_SE,Europe/Stockholm,SEK,2020-01-01,SE,ADDRESS_LINE_1,Birger Jarlsgatan,Stockholm,,,SWE-AB,,,11356,y,y,BUSINESS,STREET,,SWE,46,8405.01.01,,Fax,y,n,BUSINESS,
,,,BUSINESS SITE,,,,,,,,,,,,ADDRESS_LINE_3,29,,,,,,,,,,,SHIPPING,,SWE,46,8405.01.00,,Landline,y,y,BUSINESS,
Munich,2020-01-01,Munich,BUSINESS ASSET,,n,48.147133,11.579869,0,Standard_Hours_37_5,de_DE,Europe/Berlin,EUR,2020-01-01,DE,ADDRESS_LINE_1,Ludwigstraße,Munich,,,DEU-BY,,,80539,y,y,BUSINESS,STREET,,DEU,49,89310.3312,,Fax,y,n,BUSINESS,
,,,BUSINESS SITE,,,,,,,,,,,,ADDRESS_LINE_3,14,,,,,,,,,,,SHIPPING,,DEU,49,89310.3311,,Landline,y,y,BUSINESS,
,,,,,,,,,,,,,,,,,,,,,,,,,,,MAILING,,,,,,,,,,
Geneva,2020-01-01,Geneva,BUSINESS ASSET,,n,46.217124,6.147645,0,Standard_Hours_35,fr_CH,Europe/Paris,CHF,2020-01-01,CH,ADDRESS_LINE_1,Rue de Lausanne,Geneva,,,CHE-GE,,,1202,y,y,BUSINESS,STREET,,CHE,41,22705.87.88,,Fax,y,n,BUSINESS,
,,,BUSINESS SITE,,,,,,,,,,,,ADDRESS_LINE_3,79 7,,,,,,,,,,,SHIPPING,,CHE,41,22705.87.87,,Landline,y,y,BUSINESS,
,,,,,,,,,,,,,,,,,,,,,,,,,,,MAILING,,,,,,,,,,
Dallas,2020-01-01,Dallas,BUSINESS ASSET,,n,32.784731,-96.782341,0,Standard_Hours_40,en_US,US/Central,USD,2020-01-01,US,ADDRESS_LINE_1,2843 Main Street,Dallas,,,USA-TX,,,75201,y,y,BUSINESS,STORAGE,,USA,1,214924-4545,,Landline,y,y,BUSINESS,
,,,BUSINESS SITE,,,,,,,,,,,,,,,,,,,,,,,,STREET,,USA,1,214924-4546,,Fax,y,n,BUSINESS,
,,,PAYROLL TAX,,,,,,,,,,,,,,,,,,,,,,,,SHIPPING,,,,,,,,,,
Boston,2020-01-01,Boston,BUSINESS ASSET,,n,42.344668,-71.071029,0,Standard_Hours_40,en_US,US/Eastern,USD,2020-01-01,US,ADDRESS_LINE_1,545 Tremont Street,Boston,,,USA-MA,,,2116,y,y,BUSINESS,STREET,,USA,1,617448-9898,,Landline,y,y,BUSINESS,
,,,BUSINESS SITE,,,,,,,,,,,,,,,,,,,,,,,,SHIPPING,,USA,1,617448-9899,,Fax,y,n,BUSINESS,
,,,PAYROLL TAX,,,,,,,,,,,,,,,,,,,,,,,,MAILING,,,,,,,,,,
Atlanta,2020-01-01,Atlanta,BUSINESS ASSET,,n,33.856393,-84.349144,0,Standard_Hours_40,en_US,US/Eastern,USD,2020-01-01,US,ADDRESS_LINE_1,3755 Peachtree Road NE,Atlanta,,,USA-GA,,,30305,y,y,BUSINESS,SHIPPING,,USA,1,404285-0909,,Landline,y,y,BUSINESS,
,,,BUSINESS SITE,,,,,,,,,,,,,,,,,,,,,,,,,,USA,1,404285-0999,,Fax,y,n,BUSINESS,
,,,PAYROLL TAX,,,,,,,,,,,,,,,,,,,,,,,,,,,,,,,,,,
Chicago,2020-01-01,Chicago,BUSINESS ASSET,,n,41.885138,-87.62146,0,Standard_Hours_40,en_US,US/Central,USD,2020-01-01,US,ADDRESS_LINE_1,200 East Randolph Street,Chicago,,,USA-IL,,,60605,y,y,BUSINESS,STREET,,USA,1,312942-4545,,Landline,y,y,BUSINESS,
,,,BUSINESS SITE,,,,,,,,,,,,,,,,,,,,,,,,BILLING,,USA,1,312942-4546,,Fax,y,n,BUSINESS,
,,,PAYROLL TAX,,,,,,,,,,,,,,,,,,,,,,,,SHIPPING,,,,,,,,,,
New_York,2020-01-01,New York,EXTENDED ENTERPRISE AFFILIATION,,n,40.756961,-73.98335,0,Standard_Hours_40,en_US,US/Eastern,USD,2020-01-01,US,ADDRESS_LINE_1,1155 Avenue of the Americas,New York,,,USA-NY,,,10036,y,y,BUSINESS,STREET,,USA,1,2126503222,,Landline,y,y,BUSINESS,
,,,BUSINESS ASSET,,,,,,,,,,,,,,,,,,,,,,,,SHIPPING,,USA,1,2126503223,,Fax,y,n,BUSINESS,
,,,BUSINESS SITE,,,,,,,,,,,,,,,,,,,,,,,,MAILING,,,,,,,,,,
,,,PAYROLL TAX,,,,,,,,,,,,,,,,,,,,,,,,,,,,,,,,,,
San_Francisco,2020-01-01,San Francisco,EXTENDED ENTERPRISE AFFILIATION,,n,37.808462,-122.40881,0,Standard_Hours_40,en_US,US/Pacific,USD,2020-01-01,US,ADDRESS_LINE_1,3939 The Embarcadero,San Francisco,,,USA-CA,,,94111,y,y,BUSINESS,STREET,,USA,1,4156352755,,Landline,y,y,BUSINESS,BILLING
,,,BUSINESS ASSET,,,,,,,,,,,,,,,,,,,,,,,,BILLING,,,,,,,,,,SHIPPING
,,,BUSINESS SITE,,,,,,,,,,,,,,,,,,,,,,,,SHIPPING,,,,,,,,,,REMIT
,,,PAYROLL TAX,,,,,,,,,,,,,,,,,,,,,,,,MAILING,,USA,1,4156352775,,Fax,y,n,BUSINESS,BILLING
,,,,,,,,,,,,,,,,,,,,,,,,,,,REMIT,,,,,,,,,,SHIPPING
,,,,,,,,,,,,,,,,,,,,,,,,,,,,,,,,,,,,,REMIT
Singapore_Suntec_Tower,,Suntec Tower,WORK SPACE,Singapore,n,0,0,0,,,,,,,,,,,,,,,,,,,,,,,,,,,,,
New_York_1155_Building,,1155 Building,WORK SPACE,New_York,n,0,0,0,,,,,,,,,,,,,,,,,,,,,,,,,,,,,
San_Francisco_Embarcadero_Tower_2,,Embarcadero Tower 2,WORK SPACE,San_Francisco,n,0,0,0,,,,,,,,,,,,,,,,,,,,,,,,,,,,,
San_Francisco_Embarcadero_Tower_1,,Embarcadero Tower 1,WORK SPACE,San_Francisco,n,0,0,0,,,,,,,,,,,,,,,,,,,,,,,,,,,,,
Singapore_Suntec_Tower_Suite_500B,,Suite 500B,WORK SPACE,Singapore_Suntec_Tower,n,0,0,0,,,,,,,,,,,,,,,,,,,,,,,,,,,,,
New_York_1155_Building_Suite_1500,,Suite 1500,WORK SPACE,New_York_1155_Building,n,0,0,0,,,,,,,,,,,,,,,,,,,,,,,,,,,,,
San_Francisco_Embarcadero_Tower_2_Suite_300_Under_Construction,,Suite 300 - Under Construction,WORK SPACE,San_Francisco_Embarcadero_Tower_2,n,0,0,0,,,,,,,,,,,,,,,,,,,,,,,,,,,,,
San_Francisco_Embarcadero_Tower_2_Suite_200,,Suite 200,WORK SPACE,San_Francisco_Embarcadero_Tower_2,n,0,0,0,,,,,,,,,,,,,,,,,,,,,,,,,,,,,
San_Francisco_Embarcadero_Tower_2_Suite_100,,Suite 100,WORK SPACE,San_Francisco_Embarcadero_Tower_2,n,0,0,0,,,,,,,,,,,,,,,,,,,,,,,,,,,,,
San_Francisco_Embarcadero_Tower_1_Suite_300,,Suite 300,WORK SPACE,San_Francisco_Embarcadero_Tower_1,n,0,0,0,,,,,,,,,,,,,,,,,,,,,,,,,,,,,
San_Francisco_Embarcadero_Tower_1_Suite_200,,Suite 200,WORK SPACE,San_Francisco_Embarcadero_Tower_1,n,0,0,0,,,,,,,,,,,,,,,,,,,,,,,,,,,,,
San_Francisco_Embarcadero_Tower_1_Suite_100,,Suite 100,WORK SPACE,San_Francisco_Embarcadero_Tower_1,n,0,0,0,,,,,,,,,,,,,,,,,,,,,,,,,,,,,
Singapore_Suntec_Tower_Cubicle_515,,Cubicle 515,WORK SPACE,Singapore_Suntec_Tower_Suite_500B,n,0,0,0,,,,,,,,,,,,,,,,,,,,,,,,,,,,,
Singapore_Suntec_Tower_Cubicle_513,,Cubicle 513,WORK SPACE,Singapore_Suntec_Tower_Suite_500B,n,0,0,0,,,,,,,,,,,,,,,,,,,,,,,,,,,,,
Singapore_Suntec_Tower_Cubicle_512,,Cubicle 512,WORK SPACE,Singapore_Suntec_Tower_Suite_500B,n,0,0,0,,,,,,,,,,,,,,,,,,,,,,,,,,,,,
Singapore_Suntec_Tower_Cubicle_511,,Cubicle 511,WORK SPACE,Singapore_Suntec_Tower_Suite_500B,n,0,0,0,,,,,,,,,,,,,,,,,,,,,,,,,,,,,
New_York_1155_Building_Cubicle_1525,,Cubicle 1525,WORK SPACE,New_York_1155_Building_Suite_1500,n,0,0,0,,,,,,,,,,,,,,,,,,,,,,,,,,,,,
New_York_1155_Building_Cubicle_1524,,Cubicle 1524,WORK SPACE,New_York_1155_Building_Suite_1500,n,0,0,0,,,,,,,,,,,,,,,,,,,,,,,,,,,,,
New_York_1155_Building_Cubicle_1523,,Cubicle 1523,WORK SPACE,New_York_1155_Building_Suite_1500,n,0,0,0,,,,,,,,,,,,,,,,,,,,,,,,,,,,,
New_York_1155_Building_Cubicle_1522,,Cubicle 1522,WORK SPACE,New_York_1155_Building_Suite_1500,n,0,0,0,,,,,,,,,,,,,,,,,,,,,,,,,,,,,
New_York_1155_Building_Cubicle_1521,,Cubicle 1521,WORK SPACE,New_York_1155_Building_Suite_1500,n,0,0,0,,,,,,,,,,,,,,,,,,,,,,,,,,,,,
New_York_1155_Building_Cubicle_1520,,Cubicle 1520,WORK SPACE,New_York_1155_Building_Suite_1500,n,0,0,0,,,,,,,,,,,,,,,,,,,,,,,,,,,,,
New_York_1155_Building_Cubicle_1519,,Cubicle 1519,WORK SPACE,New_York_1155_Building_Suite_1500,n,0,0,0,,,,,,,,,,,,,,,,,,,,,,,,,,,,,
New_York_1155_Building_Cubicle_1518,,Cubicle 1518,WORK SPACE,New_York_1155_Building_Suite_1500,n,0,0,0,,,,,,,,,,,,,,,,,,,,,,,,,,,,,
New_York_1155_Building_Cubicle_1517,,Cubicle 1517,WORK SPACE,New_York_1155_Building_Suite_1500,n,0,0,0,,,,,,,,,,,,,,,,,,,,,,,,,,,,,
New_York_1155_Building_Cubicle_1516,,Cubicle 1516,WORK SPACE,New_York_1155_Building_Suite_1500,n,0,0,0,,,,,,,,,,,,,,,,,,,,,,,,,,,,,
New_York_1155_Building_Cubicle_1515,,Cubicle 1515,WORK SPACE,New_York_1155_Building_Suite_1500,n,0,0,0,,,,,,,,,,,,,,,,,,,,,,,,,,,,,
New_York_1155_Building_Cubicle_1514,,Cubicle 1514,WORK SPACE,New_York_1155_Building_Suite_1500,n,0,0,0,,,,,,,,,,,,,,,,,,,,,,,,,,,,,
New_York_1155_Building_Cubicle_1513,,Cubicle 1513,WORK SPACE,New_York_1155_Building_Suite_1500,n,0,0,0,,,,,,,,,,,,,,,,,,,,,,,,,,,,,
New_York_1155_Building_Cubicle_1512,,Cubicle 1512,WORK SPACE,New_York_1155_Building_Suite_1500,n,0,0,0,,,,,,,,,,,,,,,,,,,,,,,,,,,,,
New_York_1155_Building_Cubicle_1511,,Cubicle 1511,WORK SPACE,New_York_1155_Building_Suite_1500,n,0,0,0,,,,,,,,,,,,,,,,,,,,,,,,,,,,,
New_York_1155_Building_Cubicle_1510,,Cubicle 1510,WORK SPACE,New_York_1155_Building_Suite_1500,n,0,0,0,,,,,,,,,,,,,,,,,,,,,,,,,,,,,
New_York_1155_Building_Cubicle_1509,,Cubicle 1509,WORK SPACE,New_York_1155_Building_Suite_1500,n,0,0,0,,,,,,,,,,,,,,,,,,,,,,,,,,,,,
New_York_1155_Building_Cubicle_1508,,Cubicle 1508,WORK SPACE,New_York_1155_Building_Suite_1500,n,0,0,0,,,,,,,,,,,,,,,,,,,,,,,,,,,,,
New_York_1155_Building_Cubicle_1507,,Cubicle 1507,WORK SPACE,New_York_1155_Building_Suite_1500,n,0,0,0,,,,,,,,,,,,,,,,,,,,,,,,,,,,,
New_York_1155_Building_Cubicle_1506,,Cubicle 1506,WORK SPACE,New_York_1155_Building_Suite_1500,n,0,0,0,,,,,,,,,,,,,,,,,,,,,,,,,,,,,
New_York_1155_Building_Cubicle_1505,,Cubicle 1505,WORK SPACE,New_York_1155_Building_Suite_1500,n,0,0,0,,,,,,,,,,,,,,,,,,,,,,,,,,,,,
New_York_1155_Building_Cubicle_1504,,Cubicle 1504,WORK SPACE,New_York_1155_Building_Suite_1500,n,0,0,0,,,,,,,,,,,,,,,,,,,,,,,,,,,,,
New_York_1155_Building_Cubicle_1503,,Cubicle 1503,WORK SPACE,New_York_1155_Building_Suite_1500,n,0,0,0,,,,,,,,,,,,,,,,,,,,,,,,,,,,,
New_York_1155_Building_Cubicle_1502,,Cubicle 1502,WORK SPACE,New_York_1155_Building_Suite_1500,n,0,0,0,,,,,,,,,,,,,,,,,,,,,,,,,,,,,
New_York_1155_Building_Cubicle_1501,,Cubicle 1501,WORK SPACE,New_York_1155_Building_Suite_1500,n,0,0,0,,,,,,,,,,,,,,,,,,,,,,,,,,,,,
San_Francisco_Embarcadero_Tower_1_Cubicle_3010,,Cubicle 3010,WORK SPACE,San_Francisco_Embarcadero_Tower_1_Suite_300,n,0,0,0,,,,,,,,,,,,,,,,,,,,,,,,,,,,,
San_Francisco_Embarcadero_Tower_1_Cubicle_3009,,Cubicle 3009,WORK SPACE,San_Francisco_Embarcadero_Tower_1_Suite_300,n,0,0,0,,,,,,,,,,,,,,,,,,,,,,,,,,,,,
San_Francisco_Embarcadero_Tower_1_Cubicle_3007,,Cubicle 3007,WORK SPACE,San_Francisco_Embarcadero_Tower_1_Suite_300,n,0,0,0,,,,,,,,,,,,,,,,,,,,,,,,,,,,,
San_Francisco_Embarcadero_Tower_1_Cubicle_3008,,Cubicle 3008,WORK SPACE,San_Francisco_Embarcadero_Tower_1_Suite_300,n,0,0,0,,,,,,,,,,,,,,,,,,,,,,,,,,,,,
San_Francisco_Embarcadero_Tower_1_Cubicle_3006,,Cubicle 3006,WORK SPACE,San_Francisco_Embarcadero_Tower_1_Suite_300,n,0,0,0,,,,,,,,,,,,,,,,,,,,,,,,,,,,,
San_Francisco_Embarcadero_Tower_1_Cubicle_3005,,Cubicle 3005,WORK SPACE,San_Francisco_Embarcadero_Tower_1_Suite_300,n,0,0,0,,,,,,,,,,,,,,,,,,,,,,,,,,,,,
San_Francisco_Embarcadero_Tower_1_Cubicle_3004,,Cubicle 3004,WORK SPACE,San_Francisco_Embarcadero_Tower_1_Suite_300,n,0,0,0,,,,,,,,,,,,,,,,,,,,,,,,,,,,,
San_Francisco_Embarcadero_Tower_1_Cubicle_3003,,Cubicle 3003,WORK SPACE,San_Francisco_Embarcadero_Tower_1_Suite_300,n,0,0,0,,,,,,,,,,,,,,,,,,,,,,,,,,,,,
San_Francisco_Embarcadero_Tower_1_Cubicle_3002,,Cubicle 3002,WORK SPACE,San_Francisco_Embarcadero_Tower_1_Suite_300,n,0,0,0,,,,,,,,,,,,,,,,,,,,,,,,,,,,,
San_Francisco_Embarcadero_Tower_1_Cubicle_3001,,Cubicle 3001,WORK SPACE,San_Francisco_Embarcadero_Tower_1_Suite_300,n,0,0,0,,,,,,,,,,,,,,,,,,,,,,,,,,,,,
San_Francisco_Embarcadero_Tower_1_Cubicle_2010,,Cubicle 2010,WORK SPACE,San_Francisco_Embarcadero_Tower_1_Suite_200,n,0,0,0,,,,,,,,,,,,,,,,,,,,,,,,,,,,,
San_Francisco_Embarcadero_Tower_1_Cubicle_2009,,Cubicle 2009,WORK SPACE,San_Francisco_Embarcadero_Tower_1_Suite_200,n,0,0,0,,,,,,,,,,,,,,,,,,,,,,,,,,,,,
San_Francisco_Embarcadero_Tower_1_Cubicle_2008,,Cubicle 2008,WORK SPACE,San_Francisco_Embarcadero_Tower_1_Suite_200,n,0,0,0,,,,,,,,,,,,,,,,,,,,,,,,,,,,,
San_Francisco_Embarcadero_Tower_1_Cubicle_2007,,Cubicle 2007,WORK SPACE,San_Francisco_Embarcadero_Tower_1_Suite_200,n,0,0,0,,,,,,,,,,,,,,,,,,,,,,,,,,,,,
San_Francisco_Embarcadero_Tower_1_Cubicle_2006,,Cubicle 2006,WORK SPACE,San_Francisco_Embarcadero_Tower_1_Suite_200,n,0,0,0,,,,,,,,,,,,,,,,,,,,,,,,,,,,,
San_Francisco_Embarcadero_Tower_1_Cubicle_2005,,Cubicle 2005,WORK SPACE,San_Francisco_Embarcadero_Tower_1_Suite_200,n,0,0,0,,,,,,,,,,,,,,,,,,,,,,,,,,,,,
San_Francisco_Embarcadero_Tower_1_Cubicle_2004,,Cubicle 2004,WORK SPACE,San_Francisco_Embarcadero_Tower_1_Suite_200,n,0,0,0,,,,,,,,,,,,,,,,,,,,,,,,,,,,,
San_Francisco_Embarcadero_Tower_1_Cubicle_2003,,Cubicle 2003,WORK SPACE,San_Francisco_Embarcadero_Tower_1_Suite_200,n,0,0,0,,,,,,,,,,,,,,,,,,,,,,,,,,,,,
San_Francisco_Embarcadero_Tower_1_Cubicle_2002,,Cubicle 2002,WORK SPACE,San_Francisco_Embarcadero_Tower_1_Suite_200,n,0,0,0,,,,,,,,,,,,,,,,,,,,,,,,,,,,,
San_Francisco_Embarcadero_Tower_1_Cubicle_2001,,Cubicle 2001,WORK SPACE,San_Francisco_Embarcadero_Tower_1_Suite_200,n,0,0,0,,,,,,,,,,,,,,,,,,,,,,,,,,,,,
San_Francisco_Embarcadero_Tower_1_Cubicle_1010,,Cubicle 1010,WORK SPACE,San_Francisco_Embarcadero_Tower_1_Suite_100,n,0,0,0,,,,,,,,,,,,,,,,,,,,,,,,,,,,,
San_Francisco_Embarcadero_Tower_1_Cubicle_1009,,Cubicle 1009,WORK SPACE,San_Francisco_Embarcadero_Tower_1_Suite_100,n,0,0,0,,,,,,,,,,,,,,,,,,,,,,,,,,,,,
San_Francisco_Embarcadero_Tower_1_Cubicle_1008,,Cubicle 1008,WORK SPACE,San_Francisco_Embarcadero_Tower_1_Suite_100,n,0,0,0,,,,,,,,,,,,,,,,,,,,,,,,,,,,,
San_Francisco_Embarcadero_Tower_1_Cubicle_1007,,Cubicle 1007,WORK SPACE,San_Francisco_Embarcadero_Tower_1_Suite_100,n,0,0,0,,,,,,,,,,,,,,,,,,,,,,,,,,,,,
San_Francisco_Embarcadero_Tower_1_Cubicle_1006,,Cubicle 1006,WORK SPACE,San_Francisco_Embarcadero_Tower_1_Suite_100,n,0,0,0,,,,,,,,,,,,,,,,,,,,,,,,,,,,,
San_Francisco_Embarcadero_Tower_1_Cubicle_1005,,Cubicle 1005,WORK SPACE,San_Francisco_Embarcadero_Tower_1_Suite_100,n,0,0,0,,,,,,,,,,,,,,,,,,,,,,,,,,,,,
San_Francisco_Embarcadero_Tower_1_Cubicle_1004,,Cubicle 1004,WORK SPACE,San_Francisco_Embarcadero_Tower_1_Suite_100,n,0,0,0,,,,,,,,,,,,,,,,,,,,,,,,,,,,,
San_Francisco_Embarcadero_Tower_1_Cubicle_1003,,Cubicle 1003,WORK SPACE,San_Francisco_Embarcadero_Tower_1_Suite_100,n,0,0,0,,,,,,,,,,,,,,,,,,,,,,,,,,,,,
San_Francisco_Embarcadero_Tower_1_Cubicle_1002,,Cubicle 1002,WORK SPACE,San_Francisco_Embarcadero_Tower_1_Suite_100,n,0,0,0,,,,,,,,,,,,,,,,,,,,,,,,,,,,,
San_Francisco_Embarcadero_Tower_1_Cubicle_1001,,Cubicle 1001,WORK SPACE,San_Francisco_Embarcadero_Tower_1_Suite_100,n,0,0,0,,,,,,,,,,,,,,,,,,,,,,,,,,,,,
Odense,2020-01-01,Odense,BUSINESS ASSET,,n,55.3958,10.3886,0,Standard_Hours_37,da_DK,Europe/Prague,DKK,2020-01-01,DK,ADDRESS_LINE_1,Toldbodgade,Odense,,,,,,21 5000,y,y,BUSINESS,STREET,,DNK,45,4563117310,,Landline,y,y,BUSINESS,
,,,BUSINESS SITE,,,,,,,,,,,,,,,,,,,,,,,,,,DNK,45,4563117311,,Fax,y,n,BUSINESS,
Gothenburg,2020-01-01,Gothenburg,BUSINESS ASSET,,n,57.7,11.9667,0,Standard_Hours_40,sv_SE,Europe/Stockholm,SEK,2020-01-01,SE,ADDRESS_LINE_1,Sankt Eriksgatan 7,Gothenburg,,,,,,411 05,y,y,BUSINESS,STREET,,SWE,46,3134 56 00,,Landline,y,y,BUSINESS,
,,,BUSINESS SITE,,,,,,,,,,,,,,,,,,,,,,,,SHIPPING,,SWE,46,3134 56 01,,Fax,y,n,BUSINESS,
,,,,,,,,,,,,,,,,,,,,,,,,,,,,,,,,,,,,,
Osaka,10/1/14,Osaka,BUSINESS ASSET,,n,34.734,135.496927,0,Standard_Hours_40,ja_JP,JST,JPY,10/1/14,JP,ADDRESS_LINE_1_LOCAL,宮原3-4-30,Yodogawa-ku,,,JPN-27,,,532-0003,y,y,BUSINESS,BILLING,淀川区,JPN,81,066543-1112,,Fax,y,n,BUSINESS,BILLING
,,,BUSINESS SITE,,,,,,,,,,,,ADDRESS_LINE_5_LOCAL,ニッセイ新大阪ビル,,,,,,,,,,,SHIPPING,,,,,,,,,,SHIPPING
,,,,,,,,,,,,,,,ADDRESS_LINE_2_LOCAL,ヨドガワク,,,,,,,,,,,REMIT,,,,,,,,,,REMIT
,,,,,,,,,,,,,,,ADDRESS_LINE_4_LOCAL,ミヤハラ,,,,,,,,,,,,,JPN,81,066543-1111,,Landline,y,y,BUSINESS,BILLING
,,,,,,,,,,,,,,,ADDRESS_LINE_1,3-4-30 Miyahara,,,,,,,,,,,,,,,,,,,,,SHIPPING
,,,,,,,,,,,,,,,ADDRESS_LINE_2,Nissay Shin-Osaka Bld.,,,,,,,,,,,,,,,,,,,,,REMIT
Mulhouse,2020-01-01,Mulhouse,BUSINESS ASSET,,n,47.45,7.2,232,Standard_Hours_35,fr_FR,Europe/Paris,EUR,2020-01-01,FR,ADDRESS_LINE_3,3,Mulhouse,,,,,,68100,y,y,BUSINESS,BILLING,,FRA,33,0389 66 90 01,,Fax,y,n,BUSINESS,BILLING
,,,BUSINESS SITE,,,,,,,,,,,,ADDRESS_LINE_1,Boulevard de l'Europe,,,,,,,,,,,SHIPPING,,,,,,,,,,SHIPPING
,,,,,,,,,,,,,,,,,,,,,,,,,,,REMIT,,,,,,,,,,REMIT
,,,,,,,,,,,,,,,,,,,,,,,,,,,,,FRA,33,0389 66 90 00,,Landline,y,y,BUSINESS,BILLING
,,,,,,,,,,,,,,,,,,,,,,,,,,,,,,,,,,,,,SHIPPING
,,,,,,,,,,,,,,,,,,,,,,,,,,,,,,,,,,,,,REMIT
Perth,2020-01-01,Perth,BUSINESS ASSET,,n,-31.9505,115.8605,0,Standard_Hours_38,en_AU,Australia/Perth,AUD,2020-01-01,AU,ADDRESS_LINE_1,123 Victoria Street,Perth,,,AUS-WA,,,6000,y,y,BUSINESS,BILLING,,AUS,61,089330 3333,,Fax,y,y,BUSINESS,BILLING
,,,BUSINESS SITE,,,,,,,,,,,,ADDRESS_LINE_2,Suite 1601,,,,,,,,,,,SHIPPING,,,,,,,,,,SHIPPING
,,,,,,,,,,,,,,,,,,,,,,,,,,,REMIT,,,,,,,,,,REMIT
,,,,,,,,,,,,,,,,,,,,,,,,,,,,,AUS,61,089330 1600,,Landline,y,n,BUSINESS,BILLING
,,,,,,,,,,,,,,,,,,,,,,,,,,,,,,,,,,,,,SHIPPING
,,,,,,,,,,,,,,,,,,,,,,,,,,,,,,,,,,,,,REMIT
Home_Office_Scotland,2020-01-01,Home Office (Scotland),BUSINESS ASSET,,n,0,0,0,Standard_Hours_40,en_GB,Europe/London,GBP,2020-01-01,GB,ADDRESS_LINE_1,729 Colinton Mains Drive,Edinburgh,,,,,,EH13 9AZ,y,y,BUSINESS,,,GBR,44,131229 1223,,Landline,y,y,BUSINESS,
,,,BUSINESS SITE,,,,,,,,,,,,,,,,,,,,,,,,,,,,,,,,,,
Home_Office_N_Ireland,2020-01-01,Home Office (N. Ireland),BUSINESS ASSET,,n,0,0,0,Standard_Hours_40,en_GB,Europe/London,EUR,2020-01-01,GB,ADDRESS_LINE_1,123 Donegall Quay,Belfast,,,,,,BT1 3NG,y,y,BUSINESS,BILLING,,GBR,44,289027 1666,,Landline,y,y,BUSINESS,
,,,BUSINESS SITE,,,,,,,,,,,,,,,,,,,,,,,,SHIPPING,,,,,,,,,,
,,,,,,,,,,,,,,,,,,,,,,,,,,,REMIT,,,,,,,,,,
Home_Office_Wales,2020-01-01,Home Office (Wales),BUSINESS ASSET,,n,0,0,0,Standard_Hours_40,en_GB,Europe/London,EUR,2020-01-01,GB,ADDRESS_LINE_1,123 Canopus Close,Cardiff,,,,,,CF3 1N4,y,y,BUSINESS,,,GBR,44,292037 4091,,Landline,y,y,BUSINESS,
,,,BUSINESS SITE,,,,,,,,,,,,,,,,,,,,,,,,,,,,,,,,,,
Home_Office_UK,2020-01-01,Home Office (UK),BUSINESS ASSET,,n,0,0,0,Standard_Hours_40,en_GB,Europe/London,EUR,2020-01-01,GB,ADDRESS_LINE_1,123 High Street,London,,,,,,SW1X 7XL,y,y,BUSINESS,BILLING,,GBR,44,207735 1234,,Landline,y,y,BUSINESS,
,,,BUSINESS SITE,,,,,,,,,,,,,,,,,,,,,,,,SHIPPING,,,,,,,,,,
,,,,,,,,,,,,,,,,,,,,,,,,,,,REMIT,,,,,,,,,,
Brisbane,2020-01-01,Brisbane,BUSINESS ASSET,,n,-27.47101,153.023448,0,Standard_Hours_38,en_AU,Australia/Brisbane,AUD,2020-01-01,AU,ADDRESS_LINE_1,240 Queen Street,Brisbane,,,AUS-QLD,,,4000,y,y,BUSINESS,STREET,,AUS,61,73819 1413,,Landline,y,y,BUSINESS,BILLING
,,,BUSINESS SITE,,,,,,,,,,,,,,,,,,,,,,,,SHIPPING,,,,,,,,,,SHIPPING
,,,,,,,,,,,,,,,,,,,,,,,,,,,MAILING,,,,,,,,,,REMIT
Lyon,2020-01-01,Lyon,BUSINESS ASSET,,n,45.4535,4.5032,92,Standard_Hours_35,fr_FR,Europe/Paris,EUR,2020-01-01,FR,ADDRESS_LINE_3,24,Lyon,,,FRA-69,,,69006,y,y,BUSINESS,BILLING,,FRA,33,472 82 18 20,,Fax,y,n,BUSINESS,BILLING
,,,BUSINESS SITE,,,,,,,,,,,,ADDRESS_LINE_1,Boulevard des Belges,,,,,,,,,,,SHIPPING,,,,,,,,,,SHIPPING
,,,,,,,,,,,,,,,,,,,,,,,,,,,REMIT,,,,,,,,,,REMIT
,,,,,,,,,,,,,,,,,,,,,,,,,,,,,FRA,33,472 82 18 00,,Landline,y,y,BUSINESS,BILLING
,,,,,,,,,,,,,,,,,,,,,,,,,,,,,,,,,,,,,SHIPPING
,,,,,,,,,,,,,,,,,,,,,,,,,,,,,,,,,,,,,REMIT
Luxembourg,2020-01-01,Luxembourg,BUSINESS ASSET,,n,49.36,6.7,345,Standard_Hours_40,de_LU,Europe/Amsterdam,EUR,2020-01-01,LU,ADDRESS_LINE_1,106 rte d'Esch,Luxembourg City,,,LUX-L,,,1470,y,y,BUSINESS,BILLING,,LUX,352,2638 38 58 2,,Fax,y,n,BUSINESS,BILLING
,,,BUSINESS SITE,,,,,,,,,,,,,,,,,,,,,,,,SHIPPING,,,,,,,,,,SHIPPING
,,,,,,,,,,,,,,,,,,,,,,,,,,,REMIT,,,,,,,,,,REMIT
,,,,,,,,,,,,,,,,,,,,,,,,,,,,,LUX,352,2638 38 58 1,,Landline,y,y,BUSINESS,BILLING
,,,,,,,,,,,,,,,,,,,,,,,,,,,,,,,,,,,,,SHIPPING
,,,,,,,,,,,,,,,,,,,,,,,,,,,,,,,,,,,,,REMIT
Berwyn,1/1/12,Berwyn,BUSINESS ASSET,,n,40.2,75.26,520,Standard_Hours_40,en_US,US/Eastern,USD,1/1/12,US,ADDRESS_LINE_1,1055 Westlakes Drive,Berwyn,,,USA-PA,REGION_SUBDIVISION_1,Chester,19312,y,y,BUSINESS,BILLING,,USA,1,610727-8499,,Landline,y,y,BUSINESS,BILLING
,,,BUSINESS SITE,,,,,,,,,,,,,,,,,,,,,,,,SHIPPING,,,,,,,,,,SHIPPING
,,,PAYROLL TAX,,,,,,,,,,,,,,,,,,,,,,,,REMIT,,,,,,,,,,REMIT
Zurich,1/1/12,Zurich,BUSINESS SITE,,n,47.22,8.33,1338,Standard_Hours_40,de_CH,Europe/Berlin,CHF,1/1/12,CH,ADDRESS_LINE_1,Asylstrasse 125,Zurich,,,CHE-ZH,,,8032,y,y,BUSINESS,BILLING,,CHE,41,43499 13 41,,Landline,y,y,BUSINESS,BILLING
,,,,,,,,,,,,,,,,,,,,,,,,,,,SHIPPING,,,,,,,,,,SHIPPING
,,,,,,,,,,,,,,,,,,,,,,,,,,,REMIT,,,,,,,,,,REMIT
Athens,1/1/12,Athens,BUSINESS SITE,,n,37.9838,23.7275,0,Standard_Hours_40,el_GR,US/Pacific,EUR,1/1/12,GR,ADDRESS_LINE_1,Lempesi 5,Athens,,,GRC-A1,,,117 42,y,y,BUSINESS,BILLING,,GRC,30,215215 2300,,Landline,y,y,BUSINESS,BILLING
,,,,,,,,,,,,,,,,,,,,,,,,,,,SHIPPING,,,,,,,,,,SHIPPING
,,,,,,,,,,,,,,,,,,,,,,,,,,,REMIT,,,,,,,,,,REMIT
Lisbon,1/1/12,Lisbon,BUSINESS SITE,,n,38.42,9.8,653,Standard_Hours_40,pt_PT,Europe/Paris,EUR,1/1/12,PT,ADDRESS_LINE_1,Avenida da Liberdade 229,,,,PRT-11,,,1269-046,y,y,BUSINESS,BILLING,,PRT,351,914734 118,,Landline,y,y,BUSINESS,BILLING
,,,,,,,,,,,,,,,,,,,,,,,,,,,SHIPPING,,,,,,,,,,SHIPPING
,,,,,,,,,,,,,,,,,,,,,,,,,,,REMIT,,,,,,,,,,REMIT
Madrid,1/1/12,Madrid,BUSINESS SITE,,n,40.24,3.41,2188,Standard_Hours_40,es_ES,Europe/Paris,EUR,1/1/12,ES,ADDRESS_LINE_3,Street,Madrid,,,ESP-M,,,28006,y,y,BUSINESS,BILLING,,ESP,34,91530 55 15,,Landline,y,y,BUSINESS,BILLING
,,,,,,,,,,,,,,,ADDRESS_LINE_1,Calle Pinar,,,,,,,,,,,SHIPPING,,,,,,,,,,SHIPPING
,,,,,,,,,,,,,,,ADDRESS_LINE_4,5,,,,,,,,,,,REMIT,,,,,,,,,,REMIT
,,,,,,,,,,,,,,,ADDRESS_LINE_8,10,,,,,,,,,,,,,,,,,,,,,
Rome,1/1/12,Rome,BUSINESS SITE,,n,41.54,12.3,70,Standard_Hours_40,it_IT,Europe/Paris,EUR,1/1/12,IT,ADDRESS_LINE_3,Piazza,Rome,,,ITA-RM,,,187,y,y,BUSINESS,BILLING,,ITA,39,6367121,,Landline,y,y,BUSINESS,BILLING
,,,,,,,,,,,,,,,ADDRESS_LINE_1,del Popolo,,,,,,,,,,,SHIPPING,,,,,,,,,,SHIPPING
,,,,,,,,,,,,,,,ADDRESS_LINE_4,18,,,,,,,,,,,REMIT,,,,,,,,,,REMIT
Sofia,1/1/12,Sofia,BUSINESS SITE,,n,42.42,23.2,1900,Standard_Hours_40,bg_BG,Europe/Prague,BGN,1/1/12,BG,ADDRESS_LINE_1,"40, Pop Bogomil Str.,",Sofia,,,,,,1202,y,y,BUSINESS,BILLING,,BGR,359,89683 8581,,Landline,y,y,BUSINESS,BILLING
,,,,,,,,,,,,,,,,,,,,,,,,,,,SHIPPING,,,,,,,,,,SHIPPING
,,,,,,,,,,,,,,,,,,,,,,,,,,,REMIT,,,,,,,,,,REMIT
Bucharest,1/1/12,Bucharest,BUSINESS SITE,,n,44.25,26.06,300,Standard_Hours_40,ro_RO,Europe/Prague,RON,1/1/12,RO,ADDRESS_LINE_1,Piata Montreal,Bucharest,,,ROU-B,,,11469,y,y,BUSINESS,BILLING,,ROU,40,021202 3100,,Landline,y,y,BUSINESS,BILLING
,,,,,,,,,,,,,,,ADDRESS_LINE_2,10,,,,,,,,,,,SHIPPING,,,,,,,,,,SHIPPING
,,,,,,,,,,,,,,,ADDRESS_LINE_5,1,,,,,,,,,,,REMIT,,,,,,,,,,REMIT
Budapest,1/1/12,Budapest,BUSINESS SITE,,n,47.28,19.03,315,Standard_Hours_40,hu_HU,Europe/Prague,HUF,1/1/12,HU,ADDRESS_LINE_2,Madách,Budapest,,,HUN-BU,,,1075,y,y,BUSINESS,BILLING,,HUN,36,1268-1900,,Pager,y,y,BUSINESS,BILLING
,,,,,,,,,,,,,,,ADDRESS_LINE_3,Imre út,,,,,,,,,,,SHIPPING,,,,,,,,,,SHIPPING
,,,,,,,,,,,,,,,ADDRESS_LINE_4,13,,,,,,,,,,,REMIT,,,,,,,,,,REMIT
Vienna,1/1/12,Vienna,BUSINESS SITE,,n,48.12,16.22,495,Standard_Hours_40,de_AT,Europe/Berlin,EUR,1/1/12,AT,ADDRESS_LINE_1,Ferchergasse,Austria,,,AUT-9,,,1170,y,y,BUSINESS,BILLING,,AUT,43,14844522,,Pager,y,y,BUSINESS,BILLING
,,,,,,,,,,,,,,,ADDRESS_LINE_3,19,,,,,,,,,,,SHIPPING,,,,,,,,,,SHIPPING
,,,,,,,,,,,,,,,,,,,,,,,,,,,REMIT,,,,,,,,,,REMIT
Berlin,1/1/12,Berlin,BUSINESS ASSET,,n,52.302,13.23,112,Standard_Hours_37_5,de_DE,Europe/Berlin,EUR,1/1/12,DE,ADDRESS_LINE_1,Kurfürstendamm,Berlin,,,DEU-BE,,,10719,y,y,BUSINESS,BILLING,,DEU,49,308471090,,Landline,y,y,BUSINESS,BILLING
,,,BUSINESS SITE,,,,,,,,,,,,ADDRESS_LINE_3,21,,,,,,,,,,,SHIPPING,,,,,,,,,,SHIPPING
,,,EXTENDED ENTERPRISE AFFILIATION,,,,,,,,,,,,,,,,,,,,,,,,REMIT,,,,,,,,,,REMIT
Copenhagen,1/1/12,Copenhagen,BUSINESS ASSET,,n,55.4,12.34,15,Standard_Hours_37,da_DK,Europe/Prague,DKK,1/1/12,DK,ADDRESS_LINE_1,Larsbjørnsstræde,København,,,DNK-85,,,1454,y,y,BUSINESS,BILLING,,DNK,45,31 94 45 00,,Landline,y,y,BUSINESS,BILLING
,,,BUSINESS SITE,,,,,,,,,,,,ADDRESS_LINE_3,3,,,,,,,,,,,SHIPPING,,,,,,,,,,SHIPPING
,,,,,,,,,,,,,,,,,,,,,,,,,,,REMIT,,,,,,,,,,REMIT
Helsinki,1/1/12,Helsinki,BUSINESS ASSET,,n,60.1,24.56,15,Standard_Hours_37_5,en_US,Europe/Helsinki,EUR,1/1/12,FI,ADDRESS_LINE_1,Kägelhamnen 3,,CITY_SUBDIVISION_1,Espoo,FIN-18,,,2150,y,y,BUSINESS,BILLING,,FIN,358,925107777,,Landline,y,y,BUSINESS,BILLING
,,,BUSINESS SITE,,,,,,,,,,,,,,,,,,,,,,,,SHIPPING,,,,,,,,,,SHIPPING
,,,,,,,,,,,,,,,,,,,,,,,,,,,REMIT,,,,,,,,,,REMIT
Wellington,1/1/12,Wellington,BUSINESS SITE,,n,41.17,174.46,0,Standard_Hours_40,en_NZ,Pacific/Auckland,NZD,1/1/12,NZ,ADDRESS_LINE_1,157 Lambton Quay,Wellington City,,,NZL-WGN,,,6140,y,y,BUSINESS,BILLING,,NZL,64,04462 9800,,Landline,y,y,BUSINESS,BILLING
,,,,,,,,,,,,,,,ADDRESS_LINE_2,"Level 16, Vodafone on the Quay",,,,,,,,,,,SHIPPING,,,,,,,,,,SHIPPING
,,,,,,,,,,,,,,,,,,,,,,,,,,,REMIT,,,,,,,,,,REMIT
Jakarta,2020-01-01,Jakarta,BUSINESS ASSET,,n,6.12,106.48,48,Standard_Hours_40,in_ID,Asia/Jakarta,IDR,2020-01-01,ID,ADDRESS_LINE_1,Jl. Jend. Sudirman Kav 52-53,Jakarta,CITY_SUBDIVISION_2,Senayan,IDN-JK,,,12190,y,y,BUSINESS,BILLING,,IDN,62,2125502550,,Landline,y,y,BUSINESS,BILLING
,,,BUSINESS SITE,,,,,,,,,,,,ADDRESS_LINE_2,15th Floor,,,,,,,,,,,SHIPPING,,,,,,,,,,SHIPPING
,,,,,,,,,,,,,,,,,,,,,,,,,,,REMIT,,,,,,,,,,REMIT
Calgary,2020-01-01,Calgary,BUSINESS ASSET,,n,51.03,114.04,3740,Standard_Hours_40,en_CA,US/Mountain,CAD,2020-01-01,CA,ADDRESS_LINE_1,205 5 Avenue Southwest,Calgary,,,CAN-AB,,,T2P 2V7,y,y,BUSINESS,BILLING,,CAN,1,403269-7441,,Fax,y,n,BUSINESS,BILLING
,,,BUSINESS SITE,,,,,,,,,,,,ADDRESS_LINE_2,#3300,,,,,,,,,,,SHIPPING,,,,,,,,,,SHIPPING
,,,,,,,,,,,,,,,,,,,,,,,,,,,REMIT,,,,,,,,,,REMIT
,,,,,,,,,,,,,,,,,,,,,,,,,,,,,CAN,1,403269-7440,,Landline,y,y,BUSINESS,BILLING
,,,,,,,,,,,,,,,,,,,,,,,,,,,,,,,,,,,,,SHIPPING
,,,,,,,,,,,,,,,,,,,,,,,,,,,,,,,,,,,,,REMIT
Prague,2020-01-01,Prague,BUSINESS ASSET,,n,50.083333,14.416667,0,Standard_Hours_40,cs_CZ,Europe/Prague,CZK,2020-01-01,CZ,ADDRESS_LINE_1,Klimentska,Prague,,,CZE-10,,,110 02,y,y,BUSINESS,BILLING,,CZE,420,222714 4222,,Landline,y,y,BUSINESS,BILLING
,,,BUSINESS SITE,,,,,,,,,,,,ADDRESS_LINE_4,46,,,,,,,,,,,SHIPPING,,,,,,,,,,SHIPPING
,,,,,,,,,,,,,,,,,,,,,,,,,,,REMIT,,,,,,,,,,REMIT
Moscow,2020-01-01,Moscow,BUSINESS ASSET,,n,55.75,37.616667,0,Standard_Hours_40,ru_RU,Europe/Moscow,RUB,2020-01-01,RU,ADDRESS_LINE_1,Волгоградский пp.,Moscow,,,RUS-MOS,,,109316,y,y,BUSINESS,BILLING,,RUS,7,495670-90-55,,Landline,y,y,BUSINESS,BILLING
,,,BUSINESS SITE,,,,,,,,,,,,ADDRESS_LINE_4,1,,,,,,,,,,,SHIPPING,,,,,,,,,,SHIPPING
,,,,,,,,,,,,,,,,,,,,,,,,,,,REMIT,,,,,,,,,,REMIT
Warsaw,2020-01-01,Warsaw,BUSINESS ASSET,,n,52.23,21.010833,98,Standard_Hours_40,pl_PL,Europe/Prague,PLN,2020-01-01,PL,ADDRESS_LINE_1,Mokotowska,Warszawa,,,,,,00-001,y,y,BUSINESS,BILLING,,POL,48,22830 02 34,,Landline,y,y,BUSINESS,BILLING
,,,BUSINESS SITE,,,,,,,,,,,,ADDRESS_LINE_2,1,,,,,,,,,,,SHIPPING,,,,,,,,,,SHIPPING
,,,,,,,,,,,,,,,,,,,,,,,,,,,REMIT,,,,,,,,,,REMIT
Kuala_Lumpur_inactive,2020-01-01,Kuala Lumpur,BUSINESS SITE,,y,3.1357,101.688,72,Standard_Hours_40,en_US,Asia/Kuala_Lumpur,MYR,2020-01-01,MY,ADDRESS_LINE_1,Menara Bumiputra-Commerce,Kuala Lumpur,,,MYS-10,,,50350,y,y,BUSINESS,BILLING,,MYS,60,321345678,,Landline,y,y,BUSINESS,BILLING
,,,,,,,,,,,,,,,ADDRESS_LINE_2,No. 454 Jalan Raja Laut,,,,,,,,,,,SHIPPING,,,,,,,,,,SHIPPING
,,,,,,,,,,,,,,,,,,,,,,,,,,,REMIT,,,,,,,,,,REMIT
Melbourne,2020-01-01,Melbourne,BUSINESS ASSET,,n,-37.813611,144.963056,31,Standard_Hours_38,en_AU,Australia/Sydney,AUD,2020-01-01,AU,ADDRESS_LINE_1,525 Collins Street,Melbourne,,,AUS-VIC,,,3000,y,y,BUSINESS,BILLING,,AUS,61,039614 5800,,Landline,y,y,BUSINESS,BILLING
,,,BUSINESS SITE,,,,,,,,,,,,ADDRESS_LINE_2,Suite 5000,,,,,,,,,,,SHIPPING,,,,,,,,,,SHIPPING
,,,,,,,,,,,,,,,,,,,,,,,,,,,REMIT,,,,,,,,,,REMIT
Auckland,2020-01-01,Auckland,BUSINESS ASSET,,n,-36.840417,174.739869,56,Standard_Hours_40,en_NZ,Pacific/Auckland,NZD,2020-01-01,NZ,ADDRESS_LINE_1,188 Quay Street,Auckland,,,NZL-AUK,,,1010,y,y,BUSINESS,BILLING,,NZL,64,09363-2799,,Landline,y,y,BUSINESS,BILLING
,,,BUSINESS SITE,,,,,,,,,,,,ADDRESS_LINE_2,Suite 490,,,,,,,,,,,SHIPPING,,,,,,,,,,SHIPPING
,,,,,,,,,,,,,,,,,,,,,,,,,,,REMIT,,,,,,,,,,REMIT
Oslo,2020-01-01,Oslo,BUSINESS ASSET,,n,59.9167,10.75,12,Standard_Hours_40,no_NO,Europe/Oslo,NOK,2020-01-01,NO,ADDRESS_LINE_1,Sonja Henies,Oslo,,,,,,185,y,y,BUSINESS,BILLING,,NOR,47,23 21 20 33,,Landline,y,y,BUSINESS,BILLING
,,,BUSINESS SITE,,,,,,,,,,,,ADDRESS_LINE_3,plass 2,,,,,,,,,,,SHIPPING,,,,,,,,,,SHIPPING
,,,,,,,,,,,,,,,,,,,,,,,,,,,REMIT,,,,,,,,,,REMIT
,,,,,,,,,,,,,,,,,,,,,,,,,,,,,NOR,47,23 21 20 35,,Fax,y,n,BUSINESS,BILLING
,,,,,,,,,,,,,,,,,,,,,,,,,,,,,,,,,,,,,SHIPPING
,,,,,,,,,,,,,,,,,,,,,,,,,,,,,,,,,,,,,REMIT
Dublin,2020-01-01,Dublin,BUSINESS ASSET,,n,53.6077,6.19962,0,Standard_Hours_40,en_IE,Europe/London,EUR,2020-01-01,IE,ADDRESS_LINE_1,4 Barrow Street,Dublin,,,IRL-D,,,D4,y,y,BUSINESS,STREET,,IRL,353,1.441992,,Fax,y,n,BUSINESS,BILLING
,,,BUSINESS SITE,,,,,,,,,,,,,,,,,,,,,,,,BILLING,,,,,,,,,,SHIPPING
,,,,,,,,,,,,,,,,,,,,,,,,,,,SHIPPING,,,,,,,,,,REMIT
,,,,,,,,,,,,,,,,,,,,,,,,,,,MAILING,,IRL,353,1.44199,,Landline,y,y,BUSINESS,BILLING
,,,,,,,,,,,,,,,,,,,,,,,,,,,REMIT,,,,,,,,,,SHIPPING
,,,,,,,,,,,,,,,,,,,,,,,,,,,,,,,,,,,,,REMIT
Dubai,2020-01-01,Dubai,BUSINESS ASSET,,n,25.16,55.16,200,Standard_Hours_48,ar_AE,Asia/Muscat,AED,2020-01-01,AE,ADDRESS_LINE_1,"Emirates-Al Ain road intersection, Exit 44",,,,ARE-DU,,,,y,y,BUSINESS,BILLING,,ARE,971,4 426-4344,,Fax,y,n,BUSINESS,BILLING
,,,BUSINESS SITE,,,,,,,,,,,,ADDRESS_LINE_2,P.O. Box 6009,,,,,,,,,,,SHIPPING,,,,,,,,,,SHIPPING
,,,,,,,,,,,,,,,,,,,,,,,,,,,MAILING,,,,,,,,,,REMIT
,,,,,,,,,,,,,,,,,,,,,,,,,,,REMIT,,ARE,971,4 426-4343,,Landline,y,y,BUSINESS,BILLING
,,,,,,,,,,,,,,,,,,,,,,,,,,,,,,,,,,,,,SHIPPING
,,,,,,,,,,,,,,,,,,,,,,,,,,,,,,,,,,,,,REMIT
Brussels,2020-01-01,Brussels,BUSINESS ASSET,,n,50.51,4.37849,0,Standard_Hours_40,nl_BE,Europe/Amsterdam,EUR,2020-01-01,BE,ADDRESS_LINE_1,Koloniënstraat,Brussels,,,BEL-BRU,,,1000,y,y,BUSINESS,BILLING,,BEL,32,2646 64 22,,Landline,y,y,BUSINESS,BILLING
,,,BUSINESS SITE,,,,,,,,,,,,ADDRESS_LINE_4,11,,,,,,,,,,,SHIPPING,,,,,,,,,,SHIPPING
,,,,,,,,,,,,,,,,,,,,,,,,,,,REMIT,,,,,,,,,,REMIT
,,,,,,,,,,,,,,,,,,,,,,,,,,,,,BEL,32,2646 64 23,,Fax,y,n,BUSINESS,BILLING
,,,,,,,,,,,,,,,,,,,,,,,,,,,,,,,,,,,,,SHIPPING
,,,,,,,,,,,,,,,,,,,,,,,,,,,,,,,,,,,,,REMIT
Hong_Kong_Bangkok,1/1/12,Bangkok,BUSINESS SITE,Hong_Kong,n,13.45,100.28,4.9,Standard_Hours_48,th_TH,Asia/Bangkok,THB,1/1/12,TH,ADDRESS_LINE_3,Ocean Tower 2,,,,THA-10,REGION_SUBDIVISION_2,Khlong Toei Nuea,10110,y,y,BUSINESS,BILLING,,THA,66,80459 4339,,Fax,y,n,BUSINESS,BILLING
,,,,,,,,,,,,,,,ADDRESS_LINE_1,Sukhumwit 19,,,,,REGION_SUBDIVISION_1,Watthana,,,,,SHIPPING,,,,,,,,,,SHIPPING
,,,,,,,,,,,,,,,,,,,,,,,,,,,REMIT,,,,,,,,,,REMIT
,,,,,,,,,,,,,,,,,,,,,,,,,,,,,THA,66,80459 4340,,Landline,y,y,BUSINESS,BILLING
,,,,,,,,,,,,,,,,,,,,,,,,,,,,,,,,,,,,,SHIPPING
,,,,,,,,,,,,,,,,,,,,,,,,,,,,,,,,,,,,,REMIT
San_Francisco_Las_Vegas,11/6/13,Las Vegas,BUSINESS ASSET,San_Francisco,n,36.168161,-115.16439,2181,Standard_Hours_40,en_US,US/Pacific,USD,11/6/13,US,ADDRESS_LINE_1,17001 Vegas Drive,Las Vegas,,,USA-NV,,,89106,y,y,BUSINESS,BILLING,,USA,1,702382-8280,,Fax,y,n,BUSINESS,BILLING
,,,BUSINESS SITE,,,,,,,,,,,,,,,,,,,,,,,,SHIPPING,,,,,,,,,,SHIPPING
,,,PAYROLL TAX,,,,,,,,,,,,,,,,,,,,,,,,REMIT,,,,,,,,,,REMIT
,,,,,,,,,,,,,,,,,,,,,,,,,,,,,USA,1,702382-8282,,Landline,y,y,BUSINESS,BILLING
,,,,,,,,,,,,,,,,,,,,,,,,,,,,,,,,,,,,,SHIPPING
,,,,,,,,,,,,,,,,,,,,,,,,,,,,,,,,,,,,,REMIT
Singapore_Suntec_Tower_Global_Support_Office,,Global Support Office,WORK SPACE,Singapore_Suntec_Tower_Suite_500B,n,0,0,0,,,,,,,,,,,,,,,,,,,,,,,,,,,,,
San_Francisco_Embarcadero_Tower_2_Office_of_Global_Support,,Office of Global Support,WORK SPACE,San_Francisco_Embarcadero_Tower_2_Suite_100,n,0,0,0,,,,,,,,,,,,,,,,,,,,,,,,,,,,,
San_Francisco_Embarcadero_Tower_2_Shipping_and_Receiving,,Shipping & Receiving,WORK SPACE,San_Francisco_Embarcadero_Tower_2_Suite_100,n,0,0,0,,,,,,,,,,,,,,,,,,,,,,,,,,,,,
San_Francisco_Embarcadero_Tower_1_Office_of_the_CIO,,Office of the CIO,WORK SPACE,San_Francisco_Embarcadero_Tower_1_Suite_200,n,0,0,0,,,,,,,,,,,,,,,,,,,,,,,,,,,,,
San_Francisco_Embarcadero_Tower_1_Legal_Office_B,,Legal Office B,WORK SPACE,San_Francisco_Embarcadero_Tower_1_Suite_200,n,0,0,0,,,,,,,,,,,,,,,,,,,,,,,,,,,,,
San_Francisco_Embarcadero_Tower_1_Legal_Office_A,,Legal Office A,WORK SPACE,San_Francisco_Embarcadero_Tower_1_Suite_200,n,0,0,0,,,,,,,,,,,,,,,,,,,,,,,,,,,,,
San_Francisco_Embarcadero_Tower_2_Cubicle_2015,,Cubicle 2015,WORK SPACE,San_Francisco_Embarcadero_Tower_2_Suite_200,n,0,0,0,,,,,,,,,,,,,,,,,,,,,,,,,,,,,
San_Francisco_Embarcadero_Tower_2_Cubicle_2014,,Cubicle 2014,WORK SPACE,San_Francisco_Embarcadero_Tower_2_Suite_200,n,0,0,0,,,,,,,,,,,,,,,,,,,,,,,,,,,,,
San_Francisco_Embarcadero_Tower_2_Cubicle_2013,,Cubicle 2013,WORK SPACE,San_Francisco_Embarcadero_Tower_2_Suite_200,n,0,0,0,,,,,,,,,,,,,,,,,,,,,,,,,,,,,
San_Francisco_Embarcadero_Tower_2_Cubicle_2012,,Cubicle 2012,WORK SPACE,San_Francisco_Embarcadero_Tower_2_Suite_200,n,0,0,0,,,,,,,,,,,,,,,,,,,,,,,,,,,,,
San_Francisco_Embarcadero_Tower_2_Cubicle_2011,,Cubicle 2011,WORK SPACE,San_Francisco_Embarcadero_Tower_2_Suite_200,n,0,0,0,,,,,,,,,,,,,,,,,,,,,,,,,,,,,
San_Francisco_Embarcadero_Tower_2_Cubicle_2010,,Cubicle 2010,WORK SPACE,San_Francisco_Embarcadero_Tower_2_Suite_200,n,0,0,0,,,,,,,,,,,,,,,,,,,,,,,,,,,,,
San_Francisco_Embarcadero_Tower_2_Cubicle_2009,,Cubicle 2009,WORK SPACE,San_Francisco_Embarcadero_Tower_2_Suite_200,n,0,0,0,,,,,,,,,,,,,,,,,,,,,,,,,,,,,
San_Francisco_Embarcadero_Tower_2_Cubicle_2008,,Cubicle 2008,WORK SPACE,San_Francisco_Embarcadero_Tower_2_Suite_200,n,0,0,0,,,,,,,,,,,,,,,,,,,,,,,,,,,,,
San_Francisco_Embarcadero_Tower_2_Cubicle_2007,,Cubicle 2007,WORK SPACE,San_Francisco_Embarcadero_Tower_2_Suite_200,n,0,0,0,,,,,,,,,,,,,,,,,,,,,,,,,,,,,
San_Francisco_Embarcadero_Tower_2_Cubicle_1015,,Cubicle 1015,WORK SPACE,San_Francisco_Embarcadero_Tower_2_Suite_100,n,0,0,0,,,,,,,,,,,,,,,,,,,,,,,,,,,,,
San_Francisco_Embarcadero_Tower_2_Cubicle_1014,,Cubicle 1014,WORK SPACE,San_Francisco_Embarcadero_Tower_2_Suite_100,n,0,0,0,,,,,,,,,,,,,,,,,,,,,,,,,,,,,
San_Francisco_Embarcadero_Tower_2_Cubicle_1013,,Cubicle 1013,WORK SPACE,San_Francisco_Embarcadero_Tower_2_Suite_100,n,0,0,0,,,,,,,,,,,,,,,,,,,,,,,,,,,,,
San_Francisco_Embarcadero_Tower_2_Cubicle_1012,,Cubicle 1012,WORK SPACE,San_Francisco_Embarcadero_Tower_2_Suite_100,n,0,0,0,,,,,,,,,,,,,,,,,,,,,,,,,,,,,
San_Francisco_Embarcadero_Tower_2_Cubicle_1011,,Cubicle 1011,WORK SPACE,San_Francisco_Embarcadero_Tower_2_Suite_100,n,0,0,0,,,,,,,,,,,,,,,,,,,,,,,,,,,,,
San_Francisco_Embarcadero_Tower_1_Cubicle_3015,,Cubicle 3015,WORK SPACE,San_Francisco_Embarcadero_Tower_1_Suite_300,n,0,0,0,,,,,,,,,,,,,,,,,,,,,,,,,,,,,
San_Francisco_Embarcadero_Tower_1_Cubicle_3014,,Cubicle 3014,WORK SPACE,San_Francisco_Embarcadero_Tower_1_Suite_300,n,0,0,0,,,,,,,,,,,,,,,,,,,,,,,,,,,,,
San_Francisco_Embarcadero_Tower_1_Cubicle_3013,,Cubicle 3013,WORK SPACE,San_Francisco_Embarcadero_Tower_1_Suite_300,n,0,0,0,,,,,,,,,,,,,,,,,,,,,,,,,,,,,
San_Francisco_Embarcadero_Tower_1_Cubicle_3012,,Cubicle 3012,WORK SPACE,San_Francisco_Embarcadero_Tower_1_Suite_300,n,0,0,0,,,,,,,,,,,,,,,,,,,,,,,,,,,,,
San_Francisco_Embarcadero_Tower_1_Cubicle_3011,,Cubicle 3011,WORK SPACE,San_Francisco_Embarcadero_Tower_1_Suite_300,n,0,0,0,,,,,,,,,,,,,,,,,,,,,,,,,,,,,
San_Francisco_Embarcadero_Tower_1_Cubicle_2015,,Cubicle 2015,WORK SPACE,San_Francisco_Embarcadero_Tower_1_Suite_200,n,0,0,0,,,,,,,,,,,,,,,,,,,,,,,,,,,,,
San_Francisco_Embarcadero_Tower_1_Cubicle_2014,,Cubicle 2014,WORK SPACE,San_Francisco_Embarcadero_Tower_1_Suite_200,n,0,0,0,,,,,,,,,,,,,,,,,,,,,,,,,,,,,
San_Francisco_Embarcadero_Tower_1_Cubicle_2013,,Cubicle 2013,WORK SPACE,San_Francisco_Embarcadero_Tower_1_Suite_200,n,0,0,0,,,,,,,,,,,,,,,,,,,,,,,,,,,,,
San_Francisco_Embarcadero_Tower_1_Cubicle_2012,,Cubicle 2012,WORK SPACE,San_Francisco_Embarcadero_Tower_1_Suite_200,n,0,0,0,,,,,,,,,,,,,,,,,,,,,,,,,,,,,
San_Francisco_Embarcadero_Tower_1_Cubicle_2011,,Cubicle 2011,WORK SPACE,San_Francisco_Embarcadero_Tower_1_Suite_200,n,0,0,0,,,,,,,,,,,,,,,,,,,,,,,,,,,,,
San_Francisco_Embarcadero_Tower_1_Cubicle_1015,,Cubicle 1015,WORK SPACE,San_Francisco_Embarcadero_Tower_1_Suite_100,n,0,0,0,,,,,,,,,,,,,,,,,,,,,,,,,,,,,
San_Francisco_Embarcadero_Tower_1_Cubicle_1014,,Cubicle 1014,WORK SPACE,San_Francisco_Embarcadero_Tower_1_Suite_100,n,0,0,0,,,,,,,,,,,,,,,,,,,,,,,,,,,,,
San_Francisco_Embarcadero_Tower_1_Cubicle_1013,,Cubicle 1013,WORK SPACE,San_Francisco_Embarcadero_Tower_1_Suite_100,n,0,0,0,,,,,,,,,,,,,,,,,,,,,,,,,,,,,
San_Francisco_Embarcadero_Tower_1_Cubicle_1012,,Cubicle 1012,WORK SPACE,San_Francisco_Embarcadero_Tower_1_Suite_100,n,0,0,0,,,,,,,,,,,,,,,,,,,,,,,,,,,,,
San_Francisco_Embarcadero_Tower_1_Cubicle_1011,,Cubicle 1011,WORK SPACE,San_Francisco_Embarcadero_Tower_1_Suite_100,n,0,0,0,,,,,,,,,,,,,,,,,,,,,,,,,,,,,
San_Francisco_Embarcadero_Tower_1_Office_of_the_CHRO,,Office of the CHRO,WORK SPACE,San_Francisco_Embarcadero_Tower_1_Suite_100,n,0,0,0,,,,,,,,,,,,,,,,,,,,,,,,,,,,,
San_Francisco_Embarcadero_Tower_2_Cubicle_2006,,Cubicle 2006,WORK SPACE,San_Francisco_Embarcadero_Tower_2_Suite_200,n,0,0,0,,,,,,,,,,,,,,,,,,,,,,,,,,,,,
San_Francisco_Embarcadero_Tower_2_Cubicle_2005,,Cubicle 2005,WORK SPACE,San_Francisco_Embarcadero_Tower_2_Suite_200,n,0,0,0,,,,,,,,,,,,,,,,,,,,,,,,,,,,,
San_Francisco_Embarcadero_Tower_2_Cubicle_2004,,Cubicle 2004,WORK SPACE,San_Francisco_Embarcadero_Tower_2_Suite_200,n,0,0,0,,,,,,,,,,,,,,,,,,,,,,,,,,,,,
San_Francisco_Embarcadero_Tower_2_Cubicle_2003,,Cubicle 2003,WORK SPACE,San_Francisco_Embarcadero_Tower_2_Suite_200,n,0,0,0,,,,,,,,,,,,,,,,,,,,,,,,,,,,,
San_Francisco_Embarcadero_Tower_2_Cubicle_2002,,Cubicle 2002,WORK SPACE,San_Francisco_Embarcadero_Tower_2_Suite_200,n,0,0,0,,,,,,,,,,,,,,,,,,,,,,,,,,,,,
San_Francisco_Embarcadero_Tower_2_Cubicle_2001,,Cubicle 2001,WORK SPACE,San_Francisco_Embarcadero_Tower_2_Suite_200,n,0,0,0,,,,,,,,,,,,,,,,,,,,,,,,,,,,,
San_Francisco_Embarcadero_Tower_2_Cubicle_1010,,Cubicle 1010,WORK SPACE,San_Francisco_Embarcadero_Tower_2_Suite_100,n,0,0,0,,,,,,,,,,,,,,,,,,,,,,,,,,,,,
San_Francisco_Embarcadero_Tower_2_Cubicle_1009,,Cubicle 1009,WORK SPACE,San_Francisco_Embarcadero_Tower_2_Suite_100,n,0,0,0,,,,,,,,,,,,,,,,,,,,,,,,,,,,,
San_Francisco_Embarcadero_Tower_2_Cubicle_1008,,Cubicle 1008,WORK SPACE,San_Francisco_Embarcadero_Tower_2_Suite_100,n,0,0,0,,,,,,,,,,,,,,,,,,,,,,,,,,,,,
San_Francisco_Embarcadero_Tower_2_Cubicle_1007,,Cubicle 1007,WORK SPACE,San_Francisco_Embarcadero_Tower_2_Suite_100,n,0,0,0,,,,,,,,,,,,,,,,,,,,,,,,,,,,,
San_Francisco_Embarcadero_Tower_2_Cubicle_1006,,Cubicle 1006,WORK SPACE,San_Francisco_Embarcadero_Tower_2_Suite_100,n,0,0,0,,,,,,,,,,,,,,,,,,,,,,,,,,,,,
San_Francisco_Embarcadero_Tower_2_Cubicle_1005,,Cubicle 1005,WORK SPACE,San_Francisco_Embarcadero_Tower_2_Suite_100,n,0,0,0,,,,,,,,,,,,,,,,,,,,,,,,,,,,,
San_Francisco_Embarcadero_Tower_2_Cubicle_1004,,Cubicle 1004,WORK SPACE,San_Francisco_Embarcadero_Tower_2_Suite_100,n,0,0,0,,,,,,,,,,,,,,,,,,,,,,,,,,,,,
San_Francisco_Embarcadero_Tower_2_Cubicle_1003,,Cubicle 1003,WORK SPACE,San_Francisco_Embarcadero_Tower_2_Suite_100,n,0,0,0,,,,,,,,,,,,,,,,,,,,,,,,,,,,,
San_Francisco_Embarcadero_Tower_2_Cubicle_1002,,Cubicle 1002,WORK SPACE,San_Francisco_Embarcadero_Tower_2_Suite_100,n,0,0,0,,,,,,,,,,,,,,,,,,,,,,,,,,,,,
San_Francisco_Embarcadero_Tower_2_Cubicle_1001,,Cubicle 1001,WORK SPACE,San_Francisco_Embarcadero_Tower_2_Suite_100,n,0,0,0,,,,,,,,,,,,,,,,,,,,,,,,,,,,,
Singapore_Suntec_Tower_Cubicle_520,,Cubicle 520,WORK SPACE,Singapore_Suntec_Tower_Suite_500B,n,0,0,0,,,,,,,,,,,,,,,,,,,,,,,,,,,,,
San_Francisco_Embarcadero_Tower_1_Office_of_the_CEO,,Office of the CEO,WORK SPACE,San_Francisco_Embarcadero_Tower_1_Suite_300,n,0,0,0,,,,,,,,,,,,,,,,,,,,,,,,,,,,,
New_York_1155_Building_Office_of_the_CFO,,Office of the CFO,WORK SPACE,New_York_1155_Building_Suite_1500,n,0,0,0,,,,,,,,,,,,,,,,,,,,,,,,,,,,,
Singapore_Suntec_Tower_Cubicle_519,,Cubicle 519,WORK SPACE,Singapore_Suntec_Tower_Suite_500B,n,0,0,0,,,,,,,,,,,,,,,,,,,,,,,,,,,,,
Singapore_Suntec_Tower_Cubicle_518,,Cubicle 518,WORK SPACE,Singapore_Suntec_Tower_Suite_500B,n,0,0,0,,,,,,,,,,,,,,,,,,,,,,,,,,,,,
Singapore_Suntec_Tower_Cubicle_517,,Cubicle 517,WORK SPACE,Singapore_Suntec_Tower_Suite_500B,n,0,0,0,,,,,,,,,,,,,,,,,,,,,,,,,,,,,
Singapore_Suntec_Tower_Cubicle_516,,Cubicle 516,WORK SPACE,Singapore_Suntec_Tower_Suite_500B,n,0,0,0,,,,,,,,,,,,,,,,,,,,,,,,,,,,,
Singapore_Suntec_Tower_Cubicle_514,,Cubicle 514,WORK SPACE,Singapore_Suntec_Tower_Suite_500B,n,0,0,0,,,,,,,,,,,,,,,,,,,,,,,,,,,,,
St_Thomas,4/25/19,St. Thomas,BUSINESS SITE,,n,18.3381,-64.8941,0,Standard_Hours_40,en_US,US/Pacific,USD,4/25/19,US,ADDRESS_LINE_1,"#1519, Prindsen Gade",Charlotte Amalie,,,USA-VI,,,802,y,y,BUSINESS,BILLING,,USA,1,3405555555,,Landline,y,y,BUSINESS,BILLING
,,,,,,,,,,,,,,,,,,,,,,,,,,,SHIPPING,,,,,,,,,,SHIPPING
,,,,,,,,,,,,,,,,,,,,,,,,,,,REMIT,,,,,,,,,,REMIT
Cape_Town,2020-01-01,Cape Town,BUSINESS ASSET,,n,-33.9249,18.4241,0,Standard_Hours_40,en_ZA,Africa/Johannesburg,ZAR,2020-01-01,ZA,ADDRESS_LINE_3,Unit 2 Block A,Cape Town,CITY_SUBDIVISION_1,Southern,,,,7460,y,y,BUSINESS,BILLING,,ZAF,27,114454545,,Landline,y,y,BUSINESS,BILLING
,,,BUSINESS SITE,,,,,,,,,,,,ADDRESS_LINE_1,N1 City Mews,,,,,,,,,,,SHIPPING,,,,,,,,,,SHIPPING
,,,,,,,,,,,,,,,ADDRESS_LINE_2,Manus Gerber Road,,,,,,,,,,,REMIT,,,,,,,,,,REMIT
Seoul,2020-01-01,Seoul,BUSINESS ASSET,,n,37.5665,126.978,0,Standard_Hours_40,ko_KR,Asia/Seoul,KRW,2020-01-01,KR,ADDRESS_LINE_1,"517, Yeongdong-daero",Gangnam-gu,,,KOR-11,,,6164,y,y,BUSINESS,BILLING,,KOR,82,260013004,,Landline,y,y,BUSINESS,BILLING
,,,BUSINESS SITE,,,,,,,,,,,,,,,,,,,,,,,,SHIPPING,,,,,,,,,,SHIPPING
,,,,,,,,,,,,,,,,,,,,,,,,,,,REMIT,,,,,,,,,,REMIT
Stuttgart,2020-01-01,Stuttgart,BUSINESS ASSET,,n,48.7758,9.1829,0,Standard_Hours_37_5,de_DE,Europe/Berlin,EUR,2020-01-01,DE,ADDRESS_LINE_1,Markplatz 1,Stuttgart,,,DEU-BW,,,70173,y,y,BUSINESS,BILLING,,DEU,49,8001848222,800,Landline,y,y,BUSINESS,BILLING
,,,BUSINESS SITE,,,,,,,,,,,,,,,,,,,,,,,,SHIPPING,,,,,,,,,,SHIPPING
,,,,,,,,,,,,,,,,,,,,,,,,,,,REMIT,,,,,,,,,,REMIT
Honolulu,1/1/17,Honolulu,BUSINESS ASSET,,n,21.3069,-157.8583,0,Standard_Hours_40,en_US,Pacific/Honolulu,USD,1/1/17,US,ADDRESS_LINE_1,300 Rodgers Blvd.,Honolulu,,,USA-HI,,,96819,y,y,BUSINESS,BILLING,,USA,1,8088366400,,Landline,y,y,BUSINESS,BILLING
,,,BUSINESS SITE,,,,,,,,,,,,,,,,,,,,,,,,SHIPPING,,,,,,,,,,SHIPPING
,,,PAYROLL TAX,,,,,,,,,,,,,,,,,,,,,,,,REMIT,,,,,,,,,,REMIT
,,,,,,,,,,,,,,,,,,,,,,,,,,,,,USA,1,8088366411,,Fax,y,n,BUSINESS,BILLING
,,,,,,,,,,,,,,,,,,,,,,,,,,,,,,,,,,,,,SHIPPING
,,,,,,,,,,,,,,,,,,,,,,,,,,,,,,,,,,,,,REMIT
Hagatna,1/1/17,Hagatna,BUSINESS ASSET,,n,13.4763,144.7502,0,Standard_Hours_40,en_US,Pacific/Guam,USD,1/1/17,US,ADDRESS_LINE_1,125 Father Duenas Avenue,Hagatna,,,USA-GU,,,96910,y,y,BUSINESS,BILLING,,GUM,1,6714729000,,Landline,y,y,BUSINESS,BILLING
,,,BUSINESS SITE,,,,,,,,,,,,,,,,,,,,,,,,SHIPPING,,,,,,,,,,SHIPPING
,,,,,,,,,,,,,,,,,,,,,,,,,,,REMIT,,,,,,,,,,REMIT
,,,,,,,,,,,,,,,,,,,,,,,,,,,,,GUM,1,6714729001,,Fax,y,n,BUSINESS,BILLING
,,,,,,,,,,,,,,,,,,,,,,,,,,,,,,,,,,,,,SHIPPING
,,,,,,,,,,,,,,,,,,,,,,,,,,,,,,,,,,,,,REMIT
EMEA_Auxiliary_Warehouse_Belfast,,EMEA Auxiliary Warehouse - Belfast,INVENTORY,,n,0,0,0,,,,,,,,,,,,,,,,,,,,,,,,,,,,,
Johannesburg,2020-01-01,Johannesburg,BUSINESS ASSET,,n,-26.2041,28.0473,0,Standard_Hours_40,en_ZA,Africa/Johannesburg,ZAR,2020-01-01,ZA,ADDRESS_LINE_3,12,Johannesburg,CITY_SUBDIVISION_1,Woodmead,ZAF-GP,,,2128,y,y,BUSINESS,BILLING,,ZAF,27,01 445 4545,,Landline,y,y,BUSINESS,BILLING
,,,BUSINESS SITE,,,,,,,,,,,,ADDRESS_LINE_1,Woodlands,,,,,,,,,,,SHIPPING,,,,,,,,,,SHIPPING
,,,,,,,,,,,,,,,,,,,,,,,,,,,MAILING,,,,,,,,,,REMIT
,,,,,,,,,,,,,,,,,,,,,,,,,,,REMIT,,,,,,,,,,
Auxiliary_Warehouse_Southeast,,Auxiliary Warehouse - Southeast,INVENTORY,,n,0,0,0,,,,,,,,,,,,,,,,,,,,,,,,,,,,,
EMEA_Auxiliary_Warehouse_Manchester,,EMEA Auxiliary Warehouse - Manchester,INVENTORY,,n,0,0,0,,,,,,,,,,,,,,,,,,,,,,,,,,,,,
EMEA_Warehouse_London,,EMEA Warehouse - London,INVENTORY,,n,0,0,0,,,,,,,,,,,,,,,,,,,,,,,,,,,,,
Columbus,1/1/15,Columbus,BUSINESS ASSET,,n,39.959905,-83.000205,0,Standard_Hours_40,en_US,US/Eastern,USD,1/1/15,US,ADDRESS_LINE_1,108 S High St #100,Columbus,,,USA-OH,,,43215,y,y,BUSINESS,BILLING,,USA,1,614250-0000,,Landline,y,y,BUSINESS,BILLING
,,,BUSINESS SITE,,,,,,,,,,,,,,,,,,,,,,,,SHIPPING,,,,,,,,,,SHIPPING
,,,PAYROLL TAX,,,,,,,,,,,,,,,,,,,,,,,,REMIT,,,,,,,,,,REMIT
,,,,,,,,,,,,,,,,,,,,,,,,,,,,,USA,1,614250-9999,,Fax,y,n,BUSINESS,BILLING
,,,,,,,,,,,,,,,,,,,,,,,,,,,,,,,,,,,,,SHIPPING
,,,,,,,,,,,,,,,,,,,,,,,,,,,,,,,,,,,,,REMIT
Raleigh,1/1/15,Raleigh,BUSINESS ASSET,,n,35.842985,-78.682306,0,Standard_Hours_40,en_US,US/Eastern,USD,1/1/15,US,ADDRESS_LINE_1,4801 Glenwood Avenue Suite 300,Raleigh,,,USA-NC,,,27612,y,y,BUSINESS,BILLING,,USA,1,919250-0001,,Landline,y,y,BUSINESS,BILLING
,,,BUSINESS SITE,,,,,,,,,,,,,,,,,,,,,,,,SHIPPING,,,,,,,,,,SHIPPING
,,,PAYROLL TAX,,,,,,,,,,,,,,,,,,,,,,,,REMIT,,,,,,,,,,REMIT
,,,,,,,,,,,,,,,,,,,,,,,,,,,,,USA,1,919250-9999,,Fax,y,n,BUSINESS,BILLING
,,,,,,,,,,,,,,,,,,,,,,,,,,,,,,,,,,,,,SHIPPING
,,,,,,,,,,,,,,,,,,,,,,,,,,,,,,,,,,,,,REMIT
FIRST_AID_1ST_FLOOR,1/16/17,First Aid - 1st Floor,PAR,,n,0,0,0,,,,USD,1/16/17,US,ADDRESS_LINE_1,3939 The Embarcadero,San Francisco,,,USA-CA,,,94111,y,y,BUSINESS,BILLING,,,,,,,,,,
,,,,,,,,,,,,,,,ADDRESS_LINE_2,S1042 - Kitchen,,,,,,,,,,,SHIPPING,,,,,,,,,,
,,,,,,,,,,,,,,,,,,,,,,,,,,,REMIT,,,,,,,,,,
FIRST_AID_STORAGE,,First Aid Storage,INVENTORY,,n,0,0,0,,,,,,,,,,,,,,,,,,,,,,,,,,,,,
SUPPLY_ROOM_2ND_FLOOR,2/16/16,Supply Room - 2nd Floor,PAR,,n,0,0,0,,,,USD,2/16/16,US,ADDRESS_LINE_1,3939 The Embarcadero,San Francisco,,,USA-CA,,,94111,y,y,BUSINESS,BILLING,,,,,,,,,,
,,,,,,,,,,,,,,,,,,,,,,,,,,,SHIPPING,,,,,,,,,,
,,,,,,,,,,,,,,,,,,,,,,,,,,,REMIT,,,,,,,,,,
SUPPLY_ROOM_1ST_FLOOR,2/16/16,Supply room - 1st floor,PAR,,n,0,0,0,,,,USD,2/16/16,US,ADDRESS_LINE_1,3939 The Embarcadero,San Francisco,,,USA-CA,,,94111,y,y,BUSINESS,BILLING,,,,,,,,,,
,,,,,,,,,,,,,,,,,,,,,,,,,,,SHIPPING,,,,,,,,,,
,,,,,,,,,,,,,,,,,,,,,,,,,,,REMIT,,,,,,,,,,
San_Juan,10/1/15,San Juan,BUSINESS ASSET,,n,18.453471,-66.086386,0,Standard_Hours_40,es_PR,America/Puerto_Rico,USD,10/1/15,US,ADDRESS_LINE_1,644 Fernández Junos Ave,San Juan,,,USA-PR,,,907,y,y,BUSINESS,BILLING,,PRI,1,787766-9000,,Landline,y,y,BUSINESS,BILLING
,,,BUSINESS SITE,,,,,,,,,,,,,,,,,,,,,,,,SHIPPING,,,,,,,,,,SHIPPING
,,,,,,,,,,,,,,,,,,,,,,,,,,,REMIT,,,,,,,,,,REMIT
,,,,,,,,,,,,,,,,,,,,,,,,,,,,,PRI,1,787766-9001,,Fax,y,n,BUSINESS,BILLING
,,,,,,,,,,,,,,,,,,,,,,,,,,,,,,,,,,,,,SHIPPING
,,,,,,,,,,,,,,,,,,,,,,,,,,,,,,,,,,,,,REMIT
MAIN_WAREHOUSE,,Main Warehouse,INVENTORY,,n,0,0,0,,,,,,,,,,,,,,,,,,,,,,,,,,,,,
AUXILIARY_WAREHOUSE_EAST,,Auxiliary Warehouse - East,INVENTORY,,n,0,0,0,,,,,,,,,,,,,,,,,,,,,,,,,,,,,
AUXILIARY_WAREHOUSE_WEST,,Auxiliary Warehouse - West,INVENTORY,,n,0,0,0,,,,,,,,,,,,,,,,,,,,,,,,,,,,,
Portland,1/1/19,Portland,BUSINESS ASSET,,n,0,0,0,Standard_Hours_40,,,USD,1/1/19,US,ADDRESS_LINE_1,1080 Forest Avenue,Portland,,,USA-ME,,,4103,y,y,BUSINESS,BILLING,,USA,1,2078771900,,Landline,y,y,BUSINESS,
,,,BUSINESS SITE,,,,,,,,,,,,,,,,,,,,,,,,SHIPPING,,,,,,,,,,
,,,PAYROLL TAX,,,,,,,,,,,,,,,,,,,,,,,,REMIT,,,,,,,,,,
Dover,1/1/19,Dover,BUSINESS ASSET,,n,0,0,0,Standard_Hours_40,,,USD,1/1/19,US,ADDRESS_LINE_1,1481 N Dupont Highway,Dover,,,USA-DE,,,19901,y,y,BUSINESS,BILLING,,USA,1,3025353000,,Landline,y,y,BUSINESS,
,,,BUSINESS SITE,,,,,,,,,,,,,,,,,,,,,,,,SHIPPING,,,,,,,,,,
,,,PAYROLL TAX,,,,,,,,,,,,,,,,,,,,,,,,REMIT,,,,,,,,,,
Morgantown,1/1/19,Morgantown,BUSINESS ASSET,,n,0,0,0,Standard_Hours_40,,,USD,1/1/19,US,ADDRESS_LINE_1,1109 Van Voorhis Road,Morgantown,,,USA-WV,,,26505,y,y,BUSINESS,BILLING,,USA,1,3045992700,,Landline,y,y,BUSINESS,
,,,BUSINESS SITE,,,,,,,,,,,,,,,,,,,,,,,,SHIPPING,,,,,,,,,,
,,,PAYROLL TAX,,,,,,,,,,,,,,,,,,,,,,,,REMIT,,,,,,,,,,
Richmond,1/1/19,Richmond,BUSINESS ASSET,,n,0,0,0,Standard_Hours_40,,,USD,1/1/19,US,ADDRESS_LINE_1,1601 Willow Lawn Drive,Richmond,,,USA-VA,,,23230,y,y,BUSINESS,BILLING,,USA,1,8042854000,,Landline,y,y,BUSINESS,
,,,BUSINESS SITE,,,,,,,,,,,,,,,,,,,,,,,,SHIPPING,,,,,,,,,,
,,,PAYROLL TAX,,,,,,,,,,,,,,,,,,,,,,,,REMIT,,,,,,,,,,
Nashville,1/1/19,Nashville,BUSINESS ASSET,,n,0,0,0,Standard_Hours_40,,,USD,1/1/19,US,ADDRESS_LINE_1,515 Dominican Drive,Nashville,,,USA-TN,,,37228,y,y,BUSINESS,BILLING,,USA,1,6157702700,,Landline,y,y,BUSINESS,
,,,BUSINESS SITE,,,,,,,,,,,,,,,,,,,,,,,,SHIPPING,,,,,,,,,,
,,,PAYROLL TAX,,,,,,,,,,,,,,,,,,,,,,,,REMIT,,,,,,,,,,
Charleston,1/1/19,Charleston,BUSINESS ASSET,,n,0,0,0,Standard_Hours_40,,,USD,1/1/19,US,ADDRESS_LINE_1,239 King Street,Charleston,,,USA-SC,,,29401,y,y,BUSINESS,BILLING,,USA,1,8438058000,,Landline,y,y,BUSINESS,
,,,BUSINESS SITE,,,,,,,,,,,,,,,,,,,,,,,,SHIPPING,,,,,,,,,,
,,,PAYROLL TAX,,,,,,,,,,,,,,,,,,,,,,,,REMIT,,,,,,,,,,
Jackson,1/1/19,Jackson,BUSINESS ASSET,,n,0,0,0,Standard_Hours_40,,,USD,1/1/19,US,ADDRESS_LINE_1,1220 E Northside Drive,Jackson,,,USA-MS,,,39211,y,y,BUSINESS,BILLING,,USA,1,6013665300,,Landline,y,y,BUSINESS,
,,,BUSINESS SITE,,,,,,,,,,,,,,,,,,,,,,,,SHIPPING,,,,,,,,,,
,,,PAYROLL TAX,,,,,,,,,,,,,,,,,,,,,,,,REMIT,,,,,,,,,,
New_Orleans,1/1/19,New Orleans,BUSINESS ASSET,,n,0,0,0,Standard_Hours_40,,,USD,1/1/19,US,ADDRESS_LINE_1,800 Harrison Avenue,New Orleans,,,USA-LA,,,70124,y,y,BUSINESS,BILLING,,USA,1,5044868800,,Landline,y,y,BUSINESS,
,,,BUSINESS SITE,,,,,,,,,,,,,,,,,,,,,,,,SHIPPING,,,,,,,,,,
,,,PAYROLL TAX,,,,,,,,,,,,,,,,,,,,,,,,REMIT,,,,,,,,,,
Louisville,1/1/19,Louisville,BUSINESS ASSET,,n,0,0,0,Standard_Hours_40,,,USD,1/1/19,US,ADDRESS_LINE_1,3401 Bardstown Road,Louisville,,,USA-KY,,,40218,y,y,BUSINESS,BILLING,,USA,1,5024546300,,Landline,y,y,BUSINESS,
,,,BUSINESS SITE,,,,,,,,,,,,,,,,,,,,,,,,SHIPPING,,,,,,,,,,
,,,PAYROLL TAX,,,,,,,,,,,,,,,,,,,,,,,,REMIT,,,,,,,,,,
Miami,1/1/19,Miami,BUSINESS ASSET,,n,0,0,0,Standard_Hours_40,,,USD,1/1/19,US,ADDRESS_LINE_1,901 S Miami Avenue,Miami,,,USA-FL,,,33130,y,y,BUSINESS,BILLING,,USA,1,3053727900,,Landline,y,y,BUSINESS,
,,,BUSINESS SITE,,,,,,,,,,,,,,,,,,,,,,,,SHIPPING,,,,,,,,,,
,,,PAYROLL TAX,,,,,,,,,,,,,,,,,,,,,,,,REMIT,,,,,,,,,,
Little_Rock,1/1/19,Little Rock,BUSINESS ASSET,,n,0,0,0,Standard_Hours_40,,,USD,1/1/19,US,ADDRESS_LINE_1,7525 Cantrell Road,Little Rock,,,USA-AR,,,72207,y,y,BUSINESS,BILLING,,USA,1,5016030090,,Landline,y,y,BUSINESS,
,,,BUSINESS SITE,,,,,,,,,,,,,,,,,,,,,,,,SHIPPING,,,,,,,,,,
,,,PAYROLL TAX,,,,,,,,,,,,,,,,,,,,,,,,REMIT,,,,,,,,,,
Birmingham,1/1/19,Birmingham,BUSINESS ASSET,,n,0,0,0,Standard_Hours_40,,,USD,1/1/19,US,ADDRESS_LINE_1,810 St Vincents Drive,Birmingham,,,USA-AL,,,35205,y,y,BUSINESS,BILLING,,USA,1,2059397010,,Landline,y,y,BUSINESS,
,,,BUSINESS SITE,,,,,,,,,,,,,,,,,,,,,,,,SHIPPING,,,,,,,,,,
,,,PAYROLL TAX,,,,,,,,,,,,,,,,,,,,,,,,REMIT,,,,,,,,,,
Milwaukee,1/1/19,Milwaukee,BUSINESS ASSET,,n,0,0,0,Standard_Hours_40,,,USD,1/1/19,US,ADDRESS_LINE_1,140 W Holt Avenue,Milwaukee,,,USA-WI,,,53207,y,y,BUSINESS,BILLING,,USA,1,4144890800,,Landline,y,y,BUSINESS,
,,,BUSINESS SITE,,,,,,,,,,,,,,,,,,,,,,,,SHIPPING,,,,,,,,,,
,,,PAYROLL TAX,,,,,,,,,,,,,,,,,,,,,,,,REMIT,,,,,,,,,,
Sioux_Falls,1/1/19,Sioux Falls,BUSINESS ASSET,,n,0,0,0,Standard_Hours_40,,,USD,1/1/19,US,ADDRESS_LINE_1,1900 S Marion Road,Sioux Falls,,,USA-SD,,,57106,y,y,BUSINESS,BILLING,,USA,1,6053613000,,Landline,y,y,BUSINESS,
,,,BUSINESS SITE,,,,,,,,,,,,,,,,,,,,,,,,SHIPPING,,,,,,,,,,
,,,PAYROLL TAX,,,,,,,,,,,,,,,,,,,,,,,,REMIT,,,,,,,,,,
Oklahoma_City,1/1/19,Oklahoma City,BUSINESS ASSET,,n,0,0,0,Standard_Hours_40,,,USD,1/1/19,US,ADDRESS_LINE_1,5920 SW 4th Terrace,Oklahoma City,,,USA-OK,,,73128,y,y,BUSINESS,BILLING,,USA,1,4057894600,,Landline,y,y,BUSINESS,
,,,BUSINESS SITE,,,,,,,,,,,,,,,,,,,,,,,,SHIPPING,,,,,,,,,,
,,,PAYROLL TAX,,,,,,,,,,,,,,,,,,,,,,,,REMIT,,,,,,,,,,
Fargo,1/1/19,Fargo,BUSINESS ASSET,,n,0,0,0,Standard_Hours_40,,,USD,1/1/19,US,ADDRESS_LINE_1,4202 13th Avenue S,Fargo,,,USA-ND,,,58103,y,y,BUSINESS,BILLING,,USA,1,7012827400,,Landline,y,y,BUSINESS,
,,,BUSINESS SITE,,,,,,,,,,,,,,,,,,,,,,,,SHIPPING,,,,,,,,,,
,,,PAYROLL TAX,,,,,,,,,,,,,,,,,,,,,,,,REMIT,,,,,,,,,,
Lincoln,1/1/19,Lincoln,BUSINESS ASSET,,n,0,0,0,Standard_Hours_40,,,USD,1/1/19,US,ADDRESS_LINE_1,2801 Pine Lake Road,Lincoln,,,USA-NE,,,68516,y,y,BUSINESS,BILLING,,USA,1,4024212000,,Landline,y,y,BUSINESS,
,,,BUSINESS SITE,,,,,,,,,,,,,,,,,,,,,,,,SHIPPING,,,,,,,,,,
,,,PAYROLL TAX,,,,,,,,,,,,,,,,,,,,,,,,REMIT,,,,,,,,,,
St_Louis,1/1/19,St. Louis,BUSINESS ASSET,,n,0,0,0,Standard_Hours_40,,,USD,1/1/19,US,ADDRESS_LINE_1,6622 Chippewa Street,St. Louis,,,USA-MO,,,63109,y,y,BUSINESS,BILLING,,USA,1,3148329500,,Landline,y,y,BUSINESS,
,,,BUSINESS SITE,,,,,,,,,,,,,,,,,,,,,,,,SHIPPING,,,,,,,,,,
,,,PAYROLL TAX,,,,,,,,,,,,,,,,,,,,,,,,REMIT,,,,,,,,,,
Minneapolis,1/1/19,Minneapolis,BUSINESS ASSET,,n,0,0,0,Standard_Hours_40,,,USD,1/1/19,US,ADDRESS_LINE_1,33 South 6th Street,Minneapolis,,,USA-MN,,,55402,y,y,BUSINESS,BILLING,,USA,1,6123397000,,Landline,y,y,BUSINESS,
,,,BUSINESS SITE,,,,,,,,,,,,,,,,,,,,,,,,SHIPPING,,,,,,,,,,
,,,PAYROLL TAX,,,,,,,,,,,,,,,,,,,,,,,,REMIT,,,,,,,,,,
Detroit,1/1/19,Detroit,BUSINESS ASSET,,n,0,0,0,Standard_Hours_40,,,USD,1/1/19,US,ADDRESS_LINE_1,18051 Mack Avenue,Detroit,,,USA-MI,,,48224,y,y,BUSINESS,BILLING,,USA,1,3135736000,,Landline,y,y,BUSINESS,
,,,BUSINESS SITE,,,,,,,,,,,,,,,,,,,,,,,,SHIPPING,,,,,,,,,,
,,,PAYROLL TAX,,,,,,,,,,,,,,,,,,,,,,,,REMIT,,,,,,,,,,
Wichita,1/1/19,Wichita,BUSINESS ASSET,,n,0,0,0,Standard_Hours_40,,,USD,1/1/19,US,ADDRESS_LINE_1,3000 N Rock Road,Wichita,,,USA-KS,,,67226,y,y,BUSINESS,BILLING,,USA,1,3166342000,,Landline,y,y,BUSINESS,
,,,BUSINESS SITE,,,,,,,,,,,,,,,,,,,,,,,,SHIPPING,,,,,,,,,,
,,,PAYROLL TAX,,,,,,,,,,,,,,,,,,,,,,,,REMIT,,,,,,,,,,
Des_Moines,1/1/19,Des Moines,BUSINESS ASSET,,n,0,0,0,Standard_Hours_40,,,USD,1/1/19,US,ADDRESS_LINE_1,909 Locust Street,Des Moines,,,USA-IA,,,50309,y,y,BUSINESS,BILLING,,USA,1,5152881000,,Landline,y,y,BUSINESS,
,,,BUSINESS SITE,,,,,,,,,,,,,,,,,,,,,,,,SHIPPING,,,,,,,,,,
,,,PAYROLL TAX,,,,,,,,,,,,,,,,,,,,,,,,REMIT,,,,,,,,,,
Indianapolis,1/1/19,Indianapolis,BUSINESS ASSET,,n,0,0,0,Standard_Hours_40,,,USD,1/1/19,US,ADDRESS_LINE_1,1429 N Capitol Avenue,Indianapolis,,,USA-IN,,,46202,y,y,BUSINESS,BILLING,,USA,1,3176861000,,Landline,y,y,BUSINESS,
,,,BUSINESS SITE,,,,,,,,,,,,,,,,,,,,,,,,SHIPPING,,,,,,,,,,
,,,PAYROLL TAX,,,,,,,,,,,,,,,,,,,,,,,,REMIT,,,,,,,,,,
Cheyenne,1/1/19,Cheyenne,BUSINESS ASSET,,n,0,0,0,Standard_Hours_40,,,USD,1/1/19,US,ADDRESS_LINE_1,2111 Central Avenue,Cheyenne,,,USA-WY,,,82001,y,y,BUSINESS,BILLING,,USA,1,3076322400,,Landline,y,y,BUSINESS,
,,,BUSINESS SITE,,,,,,,,,,,,,,,,,,,,,,,,SHIPPING,,,,,,,,,,
,,,PAYROLL TAX,,,,,,,,,,,,,,,,,,,,,,,,REMIT,,,,,,,,,,
Seattle,1/1/19,Seattle,BUSINESS ASSET,,n,0,0,0,Standard_Hours_40,,,USD,1/1/19,US,ADDRESS_LINE_1,1124 Pike Street,Seattle,,,USA-WA,,,98101,y,y,BUSINESS,BILLING,,USA,1,2066240000,,Landline,y,y,BUSINESS,
,,,BUSINESS SITE,,,,,,,,,,,,,,,,,,,,,,,,SHIPPING,,,,,,,,,,
,,,PAYROLL TAX,,,,,,,,,,,,,,,,,,,,,,,,REMIT,,,,,,,,,,
Salt_Lake_City,1/1/19,Salt Lake City,BUSINESS ASSET,,n,0,0,0,Standard_Hours_40,,,USD,1/1/19,US,ADDRESS_LINE_1,80 S Main Street,Salt Lake City,,,USA-UT,,,84101,y,y,BUSINESS,BILLING,,USA,1,8013553000,,Landline,y,y,BUSINESS,
,,,BUSINESS SITE,,,,,,,,,,,,,,,,,,,,,,,,SHIPPING,,,,,,,,,,
,,,PAYROLL TAX,,,,,,,,,,,,,,,,,,,,,,,,REMIT,,,,,,,,,,
Beaverton,1/1/19,Beaverton,BUSINESS ASSET,,n,0,0,0,Standard_Hours_40,,,USD,1/1/19,US,ADDRESS_LINE_1,8400 SW Nimbus Avenue,Beaverton,,,USA-OR,,,97008,y,y,BUSINESS,BILLING,,USA,1,5036448200,,Landline,y,y,BUSINESS,
,,,BUSINESS SITE,,,,,,,,,,,,,,,,,,,,,,,,SHIPPING,,,,,,,,,,
,,,PAYROLL TAX,,,,,,,,,,,,,,,,,,,,,,,,REMIT,,,,,,,,,,
Santa_Fe,1/1/19,Santa Fe,BUSINESS ASSET,,n,0,0,0,Standard_Hours_40,,,USD,1/1/19,US,ADDRESS_LINE_1,3899 Cerrillos Road,Santa Fe,,,USA-NM,,,87507,y,y,BUSINESS,BILLING,,USA,1,5054745700,,Landline,y,y,BUSINESS,
,,,BUSINESS SITE,,,,,,,,,,,,,,,,,,,,,,,,SHIPPING,,,,,,,,,,
,,,PAYROLL TAX,,,,,,,,,,,,,,,,,,,,,,,,REMIT,,,,,,,,,,
Billings,1/1/19,Billings,BUSINESS ASSET,,n,0,0,0,Standard_Hours_40,,,USD,1/1/19,US,ADDRESS_LINE_1,2010 Henesta Drive,Billings,,,USA-MT,,,59102,y,y,BUSINESS,BILLING,,USA,1,4066945200,,Landline,y,y,BUSINESS,
,,,BUSINESS SITE,,,,,,,,,,,,,,,,,,,,,,,,SHIPPING,,,,,,,,,,
,,,PAYROLL TAX,,,,,,,,,,,,,,,,,,,,,,,,REMIT,,,,,,,,,,
Boise,1/1/19,Boise,BUSINESS ASSET,,n,0,0,0,Standard_Hours_40,,,USD,1/1/19,US,ADDRESS_LINE_1,8275 W Overland Road,Boise,,,USA-ID,,,83709,y,y,BUSINESS,BILLING,,USA,1,2083770600,,Landline,y,y,BUSINESS,
,,,BUSINESS SITE,,,,,,,,,,,,,,,,,,,,,,,,SHIPPING,,,,,,,,,,
,,,PAYROLL TAX,,,,,,,,,,,,,,,,,,,,,,,,REMIT,,,,,,,,,,
Denver,1/1/19,Denver,BUSINESS ASSET,,n,0,0,0,Standard_Hours_40,,,USD,1/1/19,US,ADDRESS_LINE_1,2975 E Colfax Avenue,Denver,,,USA-CO,,,80206,y,y,BUSINESS,BILLING,,USA,1,3033162000,,Landline,y,y,BUSINESS,
,,,BUSINESS SITE,,,,,,,,,,,,,,,,,,,,,,,,SHIPPING,,,,,,,,,,
,,,PAYROLL TAX,,,,,,,,,,,,,,,,,,,,,,,,REMIT,,,,,,,,,,
Phoenix,1/1/19,Phoenix,BUSINESS ASSET,,n,0,0,0,Standard_Hours_40,,,USD,1/1/19,US,ADDRESS_LINE_1,1641 E Camelback Road,Phoenix,,,USA-AZ,,,85016,y,y,BUSINESS,BILLING,,USA,1,6022637400,,Landline,y,y,BUSINESS,
,,,BUSINESS SITE,,,,,,,,,,,,,,,,,,,,,,,,SHIPPING,,,,,,,,,,
,,,PAYROLL TAX,,,,,,,,,,,,,,,,,,,,,,,,REMIT,,,,,,,,,,
Anchorage,1/1/19,Anchorage,BUSINESS ASSET,,n,0,0,0,Standard_Hours_40,,,USD,1/1/19,US,ADDRESS_LINE_1,2000 W Dimond Boulevard,Anchorage,,,USA-AK,,,99515,y,y,BUSINESS,BILLING,,USA,1,9075613100,,Landline,y,y,BUSINESS,
,,,BUSINESS SITE,,,,,,,,,,,,,,,,,,,,,,,,SHIPPING,,,,,,,,,,
,,,PAYROLL TAX,,,,,,,,,,,,,,,,,,,,,,,,REMIT,,,,,,,,,,
Monterrey,2020-01-01,Monterrey,BUSINESS ASSET,,n,25.686613,-100.316116,0,Standard_Hours_40,es_MX,Mexico/General,MXN,2020-01-01,MX,ADDRESS_LINE_1,Av. Eugenio Garza Sada Sur 1892,Monterrey,CITY_SUBDIVISION_1,Valle Oriente,MEX-NLE,,,64860,y,y,BUSINESS,STORAGE,,MEX,52,8150307300,,Landline,y,y,BUSINESS,
,,,BUSINESS SITE,,,,,,,,,,,,,,,,,,,,,,,,STREET,,MEX,52,8150307301,,Fax,y,n,BUSINESS,
,,,,,,,,,,,,,,,,,,,,,,,,,,,SHIPPING,,,,,,,,,,
,,,,,,,,,,,,,,,,,,,,,,,,,,,MAILING,,,,,,,,,,
London_Conference_Room_A,,Conference Room A,TRAINING ROOM,London,n,0,0,0,,,,,,,,,,,,,,,,,,,,,,,,,,,,,
Vancouver_Meeting_Room_4D,,Meeting Room 4D,TRAINING ROOM,Vancouver,n,0,0,0,,,,,,,,,,,,,,,,,,,,,,,,,,,,,
Vancouver_Meeting_Room_3E,,Meeting Room 3E,TRAINING ROOM,Vancouver,n,0,0,0,,,,,,,,,,,,,,,,,,,,,,,,,,,,,
Montreal_Conference_Room_B,,Conference Room B,TRAINING ROOM,Montreal,n,0,0,0,,,,,,,,,,,,,,,,,,,,,,,,,,,,,
Montreal_Conference_Room_A,,Conference Room A,TRAINING ROOM,Montreal,n,0,0,0,,,,,,,,,,,,,,,,,,,,,,,,,,,,,
New_York_Training_Room_102,,Training Room 102,TRAINING ROOM,New_York,n,0,0,0,,,,,,,,,,,,,,,,,,,,,,,,,,,,,
New_York_Training_Room_101,,Training Room 101,TRAINING ROOM,New_York,n,0,0,0,,,,,,,,,,,,,,,,,,,,,,,,,,,,,
EMEA_Auxiliary_Warehouse_Belfast_Aisle_3,,Aisle 3,INVENTORY,EMEA_Auxiliary_Warehouse_Belfast,n,0,0,0,,,,,,,,,,,,,,,,,,,,,,,,,,,,,
EMEA_Auxiliary_Warehouse_Belfast_Aisle_2,,Aisle 2,INVENTORY,EMEA_Auxiliary_Warehouse_Belfast,n,0,0,0,,,,,,,,,,,,,,,,,,,,,,,,,,,,,
EMEA_Auxiliary_Warehouse_Belfast_Aisle_1,,Aisle 1,INVENTORY,EMEA_Auxiliary_Warehouse_Belfast,n,0,0,0,,,,,,,,,,,,,,,,,,,,,,,,,,,,,
EMEA_Warehouse_London_Aisle_3,,Aisle 3,INVENTORY,EMEA_Warehouse_London,n,0,0,0,,,,,,,,,,,,,,,,,,,,,,,,,,,,,
Main_Warehouse_Aisle_3,,Aisle 3,INVENTORY,MAIN_WAREHOUSE,n,0,0,0,,,,,,,,,,,,,,,,,,,,,,,,,,,,,
London_EMEA_Supply_Room_1st_Floor,3/13/17,EMEA Supply Room - 1st Floor,PAR,London,n,0,0,0,,,,GBP,3/13/17,GB,ADDRESS_LINE_1,2-3 Northumberland Avenue,London,,,,,,WC2N,y,y,BUSINESS,BILLING,,,,,,,,,,
,,,,,,,,,,,,,,,,,,,,,,,,,,,SHIPPING,,,,,,,,,,
,,,,,,,,,,,,,,,,,,,,,,,,,,,REMIT,,,,,,,,,,
EMEA_Auxiliary_Warehouse_Manchester_Aisle_1,,Aisle 1,INVENTORY,EMEA_Auxiliary_Warehouse_Manchester,n,0,0,0,,,,,,,,,,,,,,,,,,,,,,,,,,,,,
EMEA_Warehouse_London_Aisle_2,,Aisle 2,INVENTORY,EMEA_Warehouse_London,n,0,0,0,,,,,,,,,,,,,,,,,,,,,,,,,,,,,
EMEA_Warehouse_London_Aisle_1,,Aisle 1,INVENTORY,EMEA_Warehouse_London,n,0,0,0,,,,,,,,,,,,,,,,,,,,,,,,,,,,,
Main_Warehouse_Recalled_Items_Aisle,,Recalled Items Aisle,INVENTORY,MAIN_WAREHOUSE,n,0,0,0,,,,,,,,,,,,,,,,,,,,,,,,,,,,,
Main_Warehouse_Aisle_2,,Aisle 2,INVENTORY,MAIN_WAREHOUSE,n,0,0,0,,,,,,,,,,,,,,,,,,,,,,,,,,,,,
Main_Warehouse_Aisle_1,,Aisle 1,INVENTORY,MAIN_WAREHOUSE,n,0,0,0,,,,,,,,,,,,,,,,,,,,,,,,,,,,,
Auxiliary_Warehouse_Southeast_Zone_2,,Zone 2,INVENTORY,Auxiliary_Warehouse_Southeast,n,0,0,0,,,,,,,,,,,,,,,,,,,,,,,,,,,,,
Auxiliary_Warehouse_Southeast_Zone_1,,Zone 1,INVENTORY,Auxiliary_Warehouse_Southeast,n,0,0,0,,,,,,,,,,,,,,,,,,,,,,,,,,,,,
Sydney_Conference_Room_4D,,Conference Room 4D,TRAINING ROOM,Sydney,n,0,0,0,,,,,,,,,,,,,,,,,,,,,,,,,,,,,
Sydney_Meeting_Room_3E,,Meeting Room 3E,TRAINING ROOM,Sydney,n,0,0,0,,,,,,,,,,,,,,,,,,,,,,,,,,,,,
Singapore_Conference_Room_B,,Conference Room B,TRAINING ROOM,Singapore,n,0,0,0,,,,,,,,,,,,,,,,,,,,,,,,,,,,,
Singapore_Conference_Room_A,,Conference Room A,TRAINING ROOM,Singapore,n,0,0,0,,,,,,,,,,,,,,,,,,,,,,,,,,,,,
Shanghai_Training_Room_102,,Training Room 102,TRAINING ROOM,Shanghai,n,0,0,0,,,,,,,,,,,,,,,,,,,,,,,,,,,,,
Shanghai_Training_Room_101,,Training Room 101,TRAINING ROOM,Shanghai,n,0,0,0,,,,,,,,,,,,,,,,,,,,,,,,,,,,,
Stockholm_Meeting_Room_4D,,Meeting Room 4D,TRAINING ROOM,Stockholm,n,0,0,0,,,,,,,,,,,,,,,,,,,,,,,,,,,,,
Stockholm_Meeting_Room_3E,,Meeting Room 3E,TRAINING ROOM,Stockholm,n,0,0,0,,,,,,,,,,,,,,,,,,,,,,,,,,,,,
Paris_Conference_Room_B,,Conference Room B,TRAINING ROOM,Paris,n,0,0,0,,,,,,,,,,,,,,,,,,,,,,,,,,,,,
Paris_Conference_Room_A,,Conference Room A,TRAINING ROOM,Paris,n,0,0,0,,,,,,,,,,,,,,,,,,,,,,,,,,,,,
London_Training_Room_102,,Training Room 102,TRAINING ROOM,London,n,0,0,0,,,,,,,,,,,,,,,,,,,,,,,,,,,,,
EMEA_Auxiliary_Warehouse_Belfast_Aisle_1_Bin_B,,Bin B,INVENTORY,EMEA_Auxiliary_Warehouse_Belfast_Aisle_1,n,0,0,0,,,,,,,,,,,,,,,,,,,,,,,,,,,,,
EMEA_Auxiliary_Warehouse_Belfast_Aisle_1_Bin_A,,Bin A,INVENTORY,EMEA_Auxiliary_Warehouse_Belfast_Aisle_1,n,0,0,0,,,,,,,,,,,,,,,,,,,,,,,,,,,,,
Auxiliary_Warehouse_Southeast_Zone_2_Aisle_3,,Aisle 3,INVENTORY,Auxiliary_Warehouse_Southeast_Zone_2,n,0,0,0,,,,,,,,,,,,,,,,,,,,,,,,,,,,,
Auxiliary_Warehouse_Southeast_Zone_2_Aisle_2,,Aisle 2,INVENTORY,Auxiliary_Warehouse_Southeast_Zone_2,n,0,0,0,,,,,,,,,,,,,,,,,,,,,,,,,,,,,
Auxiliary_Warehouse_Southeast_Zone_1_Aisle_1,,Aisle 1,INVENTORY,Auxiliary_Warehouse_Southeast_Zone_1,n,0,0,0,,,,,,,,,,,,,,,,,,,,,,,,,,,,,
EMEA_Warehouse_London_Aisle_1_Bin_B,,Bin B,INVENTORY,EMEA_Warehouse_London_Aisle_1,n,0,0,0,,,,,,,,,,,,,,,,,,,,,,,,,,,,,
EMEA_Warehouse_London_Aisle_1_Bin_A,,Bin A,INVENTORY,EMEA_Warehouse_London_Aisle_1,n,0,0,0,,,,,,,,,,,,,,,,,,,,,,,,,,,,,
Main_Warehouse_Aisle_1_Bin_C,,Bin C,INVENTORY,Main_Warehouse_Aisle_1,n,0,0,0,,,,,,,,,,,,,,,,,,,,,,,,,,,,,
Main_Warehouse_Aisle_1_Bin_B,,Bin B,INVENTORY,Main_Warehouse_Aisle_1,n,0,0,0,,,,,,,,,,,,,,,,,,,,,,,,,,,,,
Main_Warehouse_Aisle_1_Bin_A,,Bin A,INVENTORY,Main_Warehouse_Aisle_1,n,0,0,0,,,,,,,,,,,,,,,,,,,,,,,,,,,,,
Auxiliary_Warehouse_Southeast_Zone_1_Bin_C,,Bin C,INVENTORY,Auxiliary_Warehouse_Southeast_Zone_1_Aisle_1,n,0,0,0,,,,,,,,,,,,,,,,,,,,,,,,,,,,,
Auxiliary_Warehouse_Southeast_Zone_1_Bin_B,,Bin B,INVENTORY,Auxiliary_Warehouse_Southeast_Zone_1_Aisle_1,n,0,0,0,,,,,,,,,,,,,,,,,,,,,,,,,,,,,
Auxiliary_Warehouse_Southeast_Zone_1_Bin_A,,Bin A,INVENTORY,Auxiliary_Warehouse_Southeast_Zone_1_Aisle_1,n,0,0,0,,,,,,,,,,,,,,,,,,,,,,,,,,,,,
Tauranga,7/30/20,Tauranga,BUSINESS SITE,,n,-37.675064,176.226234,0,Standard_Hours_40,en_NZ,Pacific/Auckland,NZD,7/30/20,NZ,ADDRESS_LINE_1,Girven Road,Tauranga,,,NZL-BOP,,,3116,y,y,BUSINESS,BILLING,,NZL,64,73547839,,Landline,y,y,BUSINESS,BILLING
,,,,,,,,,,,,,,,ADDRESS_LINE_2,"Mount Maunganui,",,,,,,,,,,,SHIPPING,,,,,,,,,,SHIPPING
,,,,,,,,,,,,,,,,,,,,,,,,,,,REMIT,,,,,,,,,,REMIT
Hamilton,1/1/20,Hamilton,BUSINESS SITE,,n,-37.789546,175.285691,0,Standard_Hours_40,en_NZ,Pacific/Auckland,NZD,1/1/20,NZ,ADDRESS_LINE_1,120 Victoria Street,Hamilton,,,NZL-WKO,,,3204,y,y,BUSINESS,BILLING,,NZL,64,79059937,,Landline,y,y,BUSINESS,BILLING
,,,,,,,,,,,,,,,,,,,,,,,,,,,SHIPPING,,,,,,,,,,SHIPPING
,,,,,,,,,,,,,,,,,,,,,,,,,,,REMIT,,,,,,,,,,REMIT
Christchurch,1/1/20,Christchurch,BUSINESS SITE,,n,-43.529781,172.649983,0,Standard_Hours_40,en_NZ,Pacific/Auckland,NZD,1/1/20,NZ,ADDRESS_LINE_1,332 Gloucester Street,Christchurch,,,NZL-CAN,,,8011,y,y,BUSINESS,BILLING,,NZL,64,39437890,,Landline,y,y,BUSINESS,BILLING
,,,,,,,,,,,,,,,ADDRESS_LINE_2,Christchurch Central,,,,,,,,,,,SHIPPING,,,,,,,,,,SHIPPING
,,,,,,,,,,,,,,,,,,,,,,,,,,,REMIT,,,,,,,,,,REMIT
Darwin,1/1/20,Darwin,BUSINESS SITE,,n,-12.462749,130.84319,0,Standard_Hours_38,en_AU,Australia/Darwin,AUD,1/1/20,AU,ADDRESS_LINE_1,21 Cavenagh Street,Darwin,,,AUS-NT,,,800,y,y,BUSINESS,BILLING,,AUS,61,890947574,,Landline,y,y,BUSINESS,BILLING
,,,,,,,,,,,,,,,,,,,,,,,,,,,SHIPPING,,,,,,,,,,SHIPPING
,,,,,,,,,,,,,,,,,,,,,,,,,,,REMIT,,,,,,,,,,REMIT
Canberra,1/1/20,Canberra,BUSINESS SITE,,n,-35.280496,149.130975,0,Standard_Hours_38,en_AU,Australia/Sydney,AUD,1/1/20,AU,ADDRESS_LINE_1,176 London Court,Canberra,,,AUS-ACT,,,2601,y,y,BUSINESS,BILLING,,AUS,61,256748939,,Landline,y,y,BUSINESS,BILLING
,,,,,,,,,,,,,,,,,,,,,,,,,,,SHIPPING,,,,,,,,,,SHIPPING
,,,,,,,,,,,,,,,,,,,,,,,,,,,REMIT,,,,,,,,,,REMIT
Adelaide,1/1/20,Adelaide,BUSINESS SITE,,n,-34.921928,138.594595,0,Standard_Hours_38,en_AU,Australia/Adelaide,AUD,1/1/20,AU,ADDRESS_LINE_1,96 North terrace,Adelaide,,,AUS-SA,,,5000,y,y,BUSINESS,BILLING,,AUS,61,884567890,,Landline,y,y,BUSINESS,BILLING
,,,,,,,,,,,,,,,,,,,,,,,,,,,SHIPPING,,,,,,,,,,SHIPPING
,,,,,,,,,,,,,,,,,,,,,,,,,,,REMIT,,,,,,,,,,REMIT
Washington,1/1/19,Washington,BUSINESS ASSET,,n,0,0,0,Standard_Hours_40,,,USD,1/1/19,US,ADDRESS_LINE_1,2109 M Street NW,Washington,,,USA-DC,,,20037,y,y,BUSINESS,BILLING,,USA,1,2022932100,,Landline,y,y,BUSINESS,
,,,BUSINESS SITE,,,,,,,,,,,,,,,,,,,,,,,,SHIPPING,,,,,,,,,,
,,,PAYROLL TAX,,,,,,,,,,,,,,,,,,,,,,,,REMIT,,,,,,,,,,
Hartford,1/1/19,Hartford,BUSINESS ASSET,,n,0,0,0,Standard_Hours_40,,,USD,1/1/19,US,ADDRESS_LINE_1,85 Seymour Street,Hartford,,,USA-CT,,,6106,y,y,BUSINESS,BILLING,,USA,1,8609964000,,Landline,y,y,BUSINESS,
,,,BUSINESS SITE,,,,,,,,,,,,,,,,,,,,,,,,SHIPPING,,,,,,,,,,
,,,PAYROLL TAX,,,,,,,,,,,,,,,,,,,,,,,,REMIT,,,,,,,,,,
Barre,1/1/19,Barre,BUSINESS ASSET,,n,0,0,0,Standard_Hours_40,,,USD,1/1/19,US,ADDRESS_LINE_1,168 Ames Drive,Barre,,,USA-VT,,,5641,y,y,BUSINESS,BILLING,,USA,1,8024799000,,Landline,y,y,BUSINESS,
,,,BUSINESS SITE,,,,,,,,,,,,,,,,,,,,,,,,SHIPPING,,,,,,,,,,
,,,PAYROLL TAX,,,,,,,,,,,,,,,,,,,,,,,,REMIT,,,,,,,,,,
Providence,1/1/19,Providence,BUSINESS ASSET,,n,0,0,0,Standard_Hours_40,,,USD,1/1/19,US,ADDRESS_LINE_1,1 Financial Plaza,Providence,,,USA-RI,,,2903,y,y,BUSINESS,BILLING,,USA,1,4013514600,,Landline,y,y,BUSINESS,
,,,BUSINESS SITE,,,,,,,,,,,,,,,,,,,,,,,,SHIPPING,,,,,,,,,,
,,,PAYROLL TAX,,,,,,,,,,,,,,,,,,,,,,,,REMIT,,,,,,,,,,
Newark,1/1/19,Newark,BUSINESS ASSET,,n,0,0,0,Standard_Hours_40,,,USD,1/1/19,US,ADDRESS_LINE_1,1 Raymond Plaza W,Newark,,,USA-NJ,,,7102,y,y,BUSINESS,BILLING,,USA,1,9736222000,,Landline,y,y,BUSINESS,
,,,BUSINESS SITE,,,,,,,,,,,,,,,,,,,,,,,,SHIPPING,,,,,,,,,,
,,,PAYROLL TAX,,,,,,,,,,,,,,,,,,,,,,,,REMIT,,,,,,,,,,
Nashua,1/1/19,Nashua,BUSINESS ASSET,,n,0,0,0,Standard_Hours_40,,,USD,1/1/19,US,ADDRESS_LINE_1,221A Daniel Webster Highway,Nashua,,,USA-NH,,,3060,y,y,BUSINESS,BILLING,,USA,1,6038880200,,Landline,y,y,BUSINESS,
,,,BUSINESS SITE,,,,,,,,,,,,,,,,,,,,,,,,SHIPPING,,,,,,,,,,
,,,PAYROLL TAX,,,,,,,,,,,,,,,,,,,,,,,,REMIT,,,,,,,,,,
Baltimore,1/1/19,Baltimore,BUSINESS ASSET,,n,0,0,0,Standard_Hours_40,,,USD,1/1/19,US,ADDRESS_LINE_1,10 Light Street,Baltimore,,,USA-MD,,,21202,y,y,BUSINESS,BILLING,,USA,1,6672036700,,Landline,y,y,BUSINESS,
,,,BUSINESS SITE,,,,,,,,,,,,,,,,,,,,,,,,SHIPPING,,,,,,,,,,
,,,PAYROLL TAX,,,,,,,,,,,,,,,,,,,,,,,,REMIT,,,,,,,,,,